Population 1,Population 2,GDP capita 1,GDP capita 2,Distance,collaboration,source,target,real collaborations,estimated collaborations
7.917108150555272,7.8071566618028,4.650018145096109,4.607005978295677,3.142652960617344,4.609199416490486,de,fr,40663.00000000004,34336.2089282644
7.917108150555272,7.668238343331752,4.650018145096109,4.450107521827389,3.206704332185385,4.578891233889098,de,es,37922.00000000001,22629.31178398873
7.668238343331752,7.7781803760902255,4.450107521827389,4.514473512294317,3.1269103942835326,4.577801899444762,es,it,37827.00000000003,17148.558753602694
7.917108150555272,7.7781803760902255,4.650018145096109,4.514473512294317,2.97424014345038,4.572104523139882,de,it,37334.0,28948.543518750743
7.668238343331752,7.8071566618028,4.450107521827389,4.607005978295677,2.3848834627392086,4.516085643024291,es,fr,32816.0,18239.210976799557
7.917108150555272,7.819970177164731,4.650018145096109,4.608729563007837,2.974257674185951,4.507747959039815,de,gb,32192.000000000022,34535.85984336805
7.8071566618028,7.7781803760902255,4.607005978295677,4.514473512294317,3.0903048711638883,4.498641318833695,fr,it,31523.999999999967,23900.280651529007
7.8071566618028,7.819970177164731,4.607005978295677,4.608729563007837,3.105039958943774,4.405158461126545,fr,gb,25418.999999999978,28563.533982710487
7.917108150555272,7.2357103075140285,4.650018145096109,4.685387855448707,2.5496720667931445,4.402966001582279,de,nl,25291.00000000002,11800.56008434958
7.668238343331752,7.819970177164731,4.450107521827389,4.608729563007837,3.1787688187309704,4.391323326974091,es,gb,24621.999999999993,20585.77180360555
7.819970177164731,7.7781803760902255,4.608729563007837,4.514473512294317,3.219991690762254,4.38388714426039,gb,it,24203.99999999998,24801.69701035649
7.8071566618028,7.2357103075140285,4.607005978295677,4.685387855448707,3.1010753554920303,4.266490408311144,fr,nl,18471.0,10264.045817039902
7.056313618101543,7.917108150555272,4.645051177154913,4.650018145096109,2.6074890751700948,4.261239071182586,be,de,18249.000000000004,10624.459385575925
7.668238343331752,7.2357103075140285,4.450107521827389,4.685387855448707,3.176137975377897,4.2491494200445175,es,nl,17748.000000000007,7398.491159801153
7.7781803760902255,7.2357103075140285,4.514473512294317,4.685387855448707,3.0688619371878407,4.231214647962601,it,nl,17030.000000000015,9114.900826799098
7.056313618101543,7.668238343331752,4.645051177154913,4.450107521827389,3.117390455732795,4.209220023064993,be,es,16188.999999999995,5740.7040089514185
7.819970177164731,7.2357103075140285,4.608729563007837,4.685387855448707,2.769366635059726,4.203658299456246,gb,nl,15982.999999999993,10078.646502464473
7.056313618101543,7.8071566618028,4.645051177154913,4.607005978295677,3.031022177441387,4.195429142457063,be,fr,15683.000000000013,8687.314945474736
7.056313618101543,7.7781803760902255,4.645051177154913,4.514473512294317,3.0213240965325507,4.170232370181804,be,it,14799.000000000005,7464.725876272984
6.944359127410194,7.917108150555272,4.676048825179,4.650018145096109,2.6796964182191734,4.165155261392066,at,de,14627.0,9193.160812694477
7.917108150555272,7.0025198783975,4.650018145096109,4.730692438058703,3.131697702612876,4.116607743988249,de,se,13080.000000000013,8540.092466925671
7.668238343331752,7.029068292270853,4.450107521827389,4.271623703850634,3.3530899865294352,4.102330780101544,es,gr,12657.000000000005,3333.454808315824
6.92694345639029,7.917108150555272,4.915166827482789,4.650018145096109,2.7061069285781145,4.08282126093933,ch,de,12101.000000000011,10729.125328696718
7.056313618101543,7.2357103075140285,4.645051177154913,4.685387855448707,2.288359127411691,4.07979606117236,be,nl,12016.99999999999,2932.592091255358
7.029068292270853,7.7781803760902255,4.271623703850634,4.514473512294317,2.9911262964243983,4.076021141783546,gr,it,11913.000000000007,5389.132192732318
7.056313618101543,7.819970177164731,4.645051177154913,4.608729563007837,2.7946962489302845,4.057970231710706,be,gb,11428.000000000011,8667.039578640968
7.917108150555272,7.029068292270853,4.650018145096109,4.271623703850634,3.2188458196994363,4.017325554561722,de,gr,10407.000000000002,5639.646831113189
7.668238343331752,7.0025198783975,4.450107521827389,4.730692438058703,3.4528958245282046,3.9984337188644687,es,se,9963.999999999996,5162.1156813580965
7.8071566618028,7.0025198783975,4.607005978295677,4.730692438058703,3.4144103076723495,3.977220446635385,fr,se,9488.999999999996,7192.921805135858
6.944359127410194,7.668238343331752,4.676048825179,4.450107521827389,3.211522374585131,3.972804322336578,at,es,9393.000000000004,4980.390018382579
6.92694345639029,7.8071566618028,4.915166827482789,4.607005978295677,2.997900694110453,3.970021265828366,ch,fr,9333.000000000004,8635.58913383039
7.7781803760902255,7.0025198783975,4.514473512294317,4.730692438058703,3.3524057193551546,3.962416693445751,it,se,9170.999999999998,6364.86830434163
7.668238343331752,7.013154523219113,4.450107521827389,4.331940453225171,2.5880007817118607,3.9591845427311916,es,pt,9103.000000000002,3141.936643181503
6.944359127410194,7.7781803760902255,4.676048825179,4.514473512294317,2.749251925294965,3.955543442459743,at,it,9027.000000000002,6198.230257701936
7.8071566618028,7.029068292270853,4.607005978295677,4.271623703850634,3.3394950838203306,3.9429005411402938,fr,gr,8767.999999999996,4658.719994688838
7.917108150555272,6.74100544323231,4.650018145096109,4.66663692212833,3.2438427844255684,3.935406489752349,de,fi,8617.999999999998,4945.204591623243
6.92694345639029,7.7781803760902255,4.915166827482789,4.514473512294317,2.7405914059743814,3.934498451243568,ch,it,8600.000000000004,7203.495785715926
6.944359127410194,7.8071566618028,4.676048825179,4.607005978295677,3.161213371628721,3.928344635264862,at,fr,8479.0,7569.357535028617
6.92694345639029,7.819970177164731,4.915166827482789,4.608729563007837,3.0453327250307036,3.90151280912994,ch,gb,7970.999999999997,8913.206124326762
7.819970177164731,7.0025198783975,4.608729563007837,4.730692438058703,3.1756873145866567,3.900148560719344,gb,se,7945.999999999999,7142.079348362428
6.92694345639029,7.668238343331752,4.915166827482789,4.450107521827389,3.074016164733494,3.8807564445102103,ch,es,7598.999999999998,5699.521090438333
7.7781803760902255,7.013154523219113,4.514473512294317,4.331940453225171,3.236753845188437,3.868232868422465,it,pt,7383.0,4237.632847191493
7.668238343331752,6.74100544323231,4.450107521827389,4.66663692212833,3.518915653619408,3.867820908045573,es,fi,7376.000000000001,2972.697313796144
7.819970177164731,7.029068292270853,4.608729563007837,4.271623703850634,3.40482923739344,3.863976783904387,gb,gr,7311.000000000001,4797.316374625191
7.917108150555272,7.013154523219113,4.650018145096109,4.331940453225171,3.281752616446932,3.8492350913147226,de,pt,7067.000000000002,5869.680953483587
7.917108150555272,6.7587064997213675,4.650018145096109,4.7625899206068825,2.7398842869261575,3.8337206904446335,de,dk,6819.000000000004,5316.70487806038
6.74100544323231,7.8071566618028,4.66663692212833,4.607005978295677,3.486483158377324,3.8296253533580495,fi,fr,6755.000000000003,5671.09776827307
7.917108150555272,6.722419683557874,4.650018145096109,4.8815310941284595,3.306799655039086,3.8276922886744456,de,no,6724.999999999999,6010.239028001616
7.8071566618028,7.013154523219113,4.607005978295677,4.331940453225171,2.7296653859863675,3.8135809885681917,fr,pt,6509.999999999996,4473.461397319082
6.74100544323231,7.7781803760902255,4.66663692212833,4.514473512294317,3.411614097607095,3.8109713998222077,fi,it,6471.000000000003,4835.108571816482
6.944359127410194,7.819970177164731,4.676048825179,4.608729563007837,3.1398056406750166,3.7786576319473553,at,gb,6007.0,7748.560043380508
7.2357103075140285,7.0025198783975,4.685387855448707,4.730692438058703,3.127591963019316,3.7748817658187965,nl,se,5955.000000000003,2993.178168170193
7.917108150555272,7.585830748659307,4.650018145096109,4.134031649451089,2.80227722797183,3.7605732539443943,de,pl,5762.000000000003,13302.514145748935
7.668238343331752,7.585830748659307,4.450107521827389,4.134031649451089,3.339591312234837,3.7582304084577496,es,pl,5731.000000000001,8251.595846985847
6.944359127410194,7.2357103075140285,4.676048825179,4.685387855448707,2.9056798908166144,3.7563317673210577,at,nl,5706.000000000002,2708.6829239708613
7.668238343331752,6.722419683557874,4.450107521827389,4.8815310941284595,3.531420311505685,3.7545776560447304,es,no,5683.0,3591.157194706494
7.8071566618028,6.722419683557874,4.607005978295677,4.8815310941284595,3.4992757710190956,3.7531232446817127,fr,no,5664.000000000001,5007.740123888373
6.7587064997213675,7.668238343331752,4.7625899206068825,4.450107521827389,3.3024723268760674,3.7518946880437474,dk,es,5648.0,4008.3619356551726
7.7781803760902255,7.585830748659307,4.514473512294317,4.134031649451089,3.070053854314295,3.743666521446213,it,pl,5542.000000000001,9970.303311872958
7.8071566618028,7.585830748659307,4.607005978295677,4.134031649451089,3.2969672585512217,3.7429606702141522,fr,pl,5532.999999999997,11492.124739856301
6.92694345639029,7.2357103075140285,4.915166827482789,4.685387855448707,2.806690729813409,3.7426465899387362,ch,nl,5529.0,3114.1265049010985
6.7587064997213675,7.8071566618028,4.7625899206068825,4.607005978295677,3.247624809711319,3.7223047868743278,dk,fr,5276.000000000001,6088.727957327515
7.029068292270853,7.2357103075140285,4.271623703850634,4.685387855448707,3.2966298638052134,3.7221401254574156,gr,nl,5274.000000000001,2397.5183632611643
6.7587064997213675,7.819970177164731,4.7625899206068825,4.608729563007837,2.928304494167972,3.718667735316211,dk,gb,5232.000000000002,6014.446695470565
7.056313618101543,7.029068292270853,4.645051177154913,4.271623703850634,3.2827275518582395,3.714245911017894,be,gr,5179.0,1457.1780431534219
7.819970177164731,7.013154523219113,4.608729563007837,4.331940453225171,3.2136195597808475,3.712144414214886,gb,pt,5153.999999999999,4843.3480685992945
7.7781803760902255,6.722419683557874,4.514473512294317,4.8815310941284595,3.4692594530422443,3.710371264260763,it,no,5133.000000000003,4448.252264976912
7.668238343331752,6.678687693565075,4.450107521827389,4.848139245157372,3.165748737762624,3.709863317440399,es,ie,5126.999999999999,3057.4647295988934
6.7587064997213675,7.7781803760902255,4.7625899206068825,4.514473512294317,3.173036340624967,3.6857417386022635,dk,it,4849.999999999998,5191.349385465417
7.917108150555272,6.678687693565075,4.650018145096109,4.848139245157372,3.10352638890388,3.6743098889414774,de,ie,4724.000000000002,5217.521770152765
7.022482603055097,7.917108150555272,4.317225047988023,4.650018145096109,2.589740642365001,3.672005445022952,cz,de,4698.999999999999,7866.077704480245
7.819970177164731,6.722419683557874,4.608729563007837,4.8815310941284595,3.287913562470449,3.6684791029325856,gb,no,4661.0,4988.661151754204
6.74100544323231,7.819970177164731,4.66663692212833,4.608729563007837,3.302708029235781,3.665674780993893,fi,gb,4630.999999999998,5693.577540718709
6.74100544323231,7.2357103075140285,4.66663692212833,4.685387855448707,3.256074372860086,3.6587743208443566,fi,nl,4557.999999999998,2035.508352357112
6.944359127410194,7.056313618101543,4.676048825179,4.645051177154913,2.8865839469701857,3.657533887557986,at,be,4544.999999999999,1847.6297943883
7.056313618101543,7.0025198783975,4.645051177154913,4.730692438058703,3.186128898889879,3.6475785542124552,be,se,4442.000000000001,2204.102618606983
6.678687693565075,7.7781803760902255,4.848139245157372,4.514473512294317,3.2761381774935887,3.6402826296966806,ie,it,4367.999999999998,4938.884385856649
7.022482603055097,7.8071566618028,4.317225047988023,4.607005978295677,3.209359638062898,3.635182048656268,cz,fr,4317.000000000002,6584.6752152066865
7.2357103075140285,7.013154523219113,4.685387855448707,4.331940453225171,3.2432747320848225,3.6298171960185157,nl,pt,4263.999999999999,2048.7877862713663
7.8071566618028,6.678687693565075,4.607005978295677,4.848139245157372,3.0974445833241324,3.627160952374776,fr,ie,4238.000000000001,4245.104161753451
7.056313618101543,6.92694345639029,4.645051177154913,4.915166827482789,2.7006393035977494,3.6173149332982937,be,ch,4143.0,2182.897226140187
6.7587064997213675,7.2357103075140285,4.7625899206068825,4.685387855448707,2.7046385498352095,3.6147917919564176,dk,nl,4119.000000000001,2105.119756263475
7.819970177164731,6.678687693565075,4.608729563007837,4.848139245157372,2.545776192011412,3.6079908585471747,gb,ie,4054.999999999999,4060.0654197498375
7.022482603055097,7.668238343331752,4.317225047988023,4.450107521827389,3.2589328865111225,3.5871494982543437,cz,es,3865.0,4332.119524383865
7.2357103075140285,6.722419683557874,4.685387855448707,4.8815310941284595,3.289901204380818,3.5725230978496376,nl,no,3737.0000000000005,2103.2769300774285
7.022482603055097,7.7781803760902255,4.317225047988023,4.514473512294317,2.9130029292420194,3.5721743136130595,cz,it,3734.0,5467.075127348756
7.819970177164731,7.585830748659307,4.608729563007837,4.134031649451089,3.174244444893691,3.5696079675468244,gb,pl,3711.9999999999995,11570.502620322433
7.056313618101543,7.013154523219113,4.645051177154913,4.331940453225171,3.1966040500346686,3.561459171241916,be,pt,3643.0,1489.7895404183062
7.917108150555272,6.990735666565687,4.650018145096109,4.164940979404548,2.8987858456714406,3.5563025007672873,de,hu,3600.0,4520.7223892683905
6.944359127410194,7.0025198783975,4.676048825179,4.730692438058703,3.2302275201610193,3.5518158223510157,at,se,3563.000000000001,1900.763306892279
7.056313618101543,6.74100544323231,4.645051177154913,4.66663692212833,3.299471287906929,3.525044807036845,be,fi,3349.9999999999995,1276.4851506841242
7.7781803760902255,7.294440917299021,4.514473512294317,4.028082651392427,3.032157967006041,3.5174598265402324,it,ro,3292.000000000001,5132.175011862641
7.2357103075140285,7.585830748659307,4.685387855448707,4.134031649451089,2.9738981304910475,3.500648063371912,nl,pl,3167.0000000000014,4761.484202010049
7.668238343331752,7.294440917299021,4.450107521827389,4.028082651392427,3.3783935219623484,3.4992745818922173,es,ro,3156.9999999999995,4286.666553204911
7.029068292270853,7.013154523219113,4.271623703850634,4.331940453225171,3.421681388959202,3.48572142648158,gr,pt,3060.000000000001,1108.9332789998696
7.8071566618028,6.990735666565687,4.607005978295677,4.164940979404548,3.2620371709754825,3.485437481076301,fr,hu,3057.9999999999986,3844.492355265688
7.7781803760902255,6.3218874497231745,4.514473512294317,4.364651405504948,2.6395186961474906,3.484157424365381,it,si,3049.0000000000005,1107.444795818951
7.668238343331752,6.3218874497231745,4.450107521827389,4.364651405504948,3.2130178155964613,3.472171146692363,es,si,2965.9999999999986,950.515315711331
7.056313618101543,6.7587064997213675,4.645051177154913,4.7625899206068825,2.843486556825603,3.4720246977002813,be,dk,2964.9999999999995,1380.285486814511
6.74100544323231,7.0025198783975,4.66663692212833,4.730692438058703,2.708957267611294,3.4687902620996107,fi,se,2942.9999999999986,1286.8029275751908
7.668238343331752,6.990735666565687,4.450107521827389,4.164940979404548,3.2990336979299193,3.4626974081017172,es,hu,2902.000000000001,2758.569694269862
7.8071566618028,7.294440917299021,4.607005978295677,4.028082651392427,3.3512807849984116,3.455606112581867,fr,ro,2855.0000000000005,5981.205823131909
6.990735666565687,7.7781803760902255,4.164940979404548,4.514473512294317,2.877031775230831,3.4470028984661623,hu,it,2798.999999999999,4620.530496793549
7.056313618101543,6.722419683557874,4.645051177154913,4.8815310941284595,3.330804920557521,3.443106456737266,be,no,2773.9999999999995,1545.534444904207
7.917108150555272,7.294440917299021,4.650018145096109,4.028082651392427,3.0894598671155413,3.441695135640717,de,ro,2765.0,7119.22057035998
6.92694345639029,7.0025198783975,4.915166827482789,4.730692438058703,3.269743368475902,3.441538038702161,ch,se,2764.0000000000014,2221.8208646898092
7.917108150555272,6.3218874497231745,4.650018145096109,4.364651405504948,2.81533941144836,3.4412236742426123,de,si,2761.999999999999,1558.176393160684
6.944359127410194,7.029068292270853,4.676048825179,4.271623703850634,3.071383565675785,3.430075055551939,at,gr,2691.9999999999986,1218.778025626638
6.678687693565075,7.2357103075140285,4.848139245157372,4.685387855448707,2.9624529316616575,3.4224256763712044,ie,nl,2644.999999999999,2040.1927396148344
7.056313618101543,7.585830748659307,4.645051177154913,4.134031649451089,3.015632684641346,3.4219328132785085,be,pl,2642.000000000001,3499.192102431867
7.056313618101543,6.678687693565075,4.645051177154913,4.848139245157372,2.958773280807653,3.4092566520389096,be,ie,2565.9999999999995,1314.8462581733668
6.944359127410194,6.74100544323231,4.676048825179,4.66663692212833,3.3050529826602637,3.4019172505175748,at,fi,2523.000000000001,1095.7435740793367
6.944359127410194,6.92694345639029,4.676048825179,4.915166827482789,2.66318303402693,3.3984608496082234,at,ch,2503.000000000001,1864.181849847018
7.022482603055097,7.819970177164731,4.317225047988023,4.608729563007837,3.1241070940882008,3.386855529184724,cz,gb,2436.9999999999995,6689.229670754867
7.029068292270853,7.0025198783975,4.271623703850634,4.730692438058703,3.4270784875420723,3.3848907965305544,gr,se,2426.000000000001,1643.7574685840186
6.92694345639029,7.029068292270853,4.915166827482789,4.271623703850634,3.165812676450127,3.3749315539781883,ch,gr,2371.000000000001,1434.040338274499
7.022482603055097,7.2357103075140285,4.317225047988023,4.685387855448707,2.8711033207762253,3.374381698050882,cz,nl,2367.9999999999995,2333.0901893500236
7.8071566618028,6.3218874497231745,4.607005978295677,4.364651405504948,3.168902953887863,3.3725438007590705,fr,si,2358.0000000000005,1323.5610332523052
6.722419683557874,7.0025198783975,4.8815310941284595,4.730692438058703,2.8508747928979155,3.342817314635733,no,se,2202.000000000001,1492.6248451443137
6.7587064997213675,7.0025198783975,4.7625899206068825,4.730692438058703,2.92523118803508,3.3352572564345317,dk,se,2163.9999999999995,1458.9503820053953
6.74100544323231,7.029068292270853,4.66663692212833,4.271623703850634,3.4532238535307487,3.3348556896172914,fi,gr,2161.999999999999,919.3368448015294
7.819970177164731,6.990735666565687,4.608729563007837,4.164940979404548,3.2386509316831047,3.30362797638389,gb,hu,2012.0000000000002,3917.029752953277
7.056313618101543,7.022482603055097,4.645051177154913,4.317225047988023,2.8882062196048186,3.302330928684399,be,cz,2005.9999999999993,1439.1675471611945
6.944359127410194,7.013154523219113,4.676048825179,4.331940453225171,3.2976742350162564,3.291368850451583,at,pt,1956.0000000000007,1293.5521512958353
6.856271402048339,7.668238343331752,3.9170985398882014,4.450107521827389,3.381439518331157,3.273695587930092,bg,es,1878.0000000000002,2507.9359226089587
7.029068292270853,7.585830748659307,4.271623703850634,4.134031649451089,3.1695605042383006,3.269979676645324,gr,pl,1862.0000000000007,2582.5466048281496
6.08225635753227,7.029068292270853,4.278461673011769,4.271623703850634,3.0116970321668943,3.2650537885040145,cy,gr,1840.999999999999,230.8675572823524
7.668238343331752,6.6224697564357955,4.450107521827389,4.125233168569162,3.2376032536569106,3.2650537885040145,es,hr,1840.999999999999,1311.7584333209204
6.856271402048339,7.7781803760902255,3.9170985398882014,4.514473512294317,3.028434051703869,3.2645817292380777,bg,it,1839.0000000000007,3162.30014117089
7.013154523219113,7.0025198783975,4.331940453225171,4.730692438058703,3.4855496472967893,3.263399331334002,pt,se,1833.9999999999995,1688.762644889666
7.029068292270853,6.722419683557874,4.271623703850634,4.8815310941284595,3.5285488190646994,3.2619761913978125,gr,no,1827.9999999999993,1146.6680595231057
6.944359127410194,6.722419683557874,4.676048825179,4.8815310941284595,3.3803293660143954,3.256958152560932,at,no,1807.0000000000002,1333.696729717893
6.08225635753227,7.668238343331752,4.278461673011769,4.450107521827389,3.5142351397394145,3.2543063323312857,cy,es,1796.0000000000007,985.2538402417342
7.585830748659307,7.0025198783975,4.134031649451089,4.730692438058703,3.0785932922111754,3.253580289562183,pl,se,1793.0000000000007,3422.067028789388
7.819970177164731,7.294440917299021,4.608729563007837,4.028082651392427,3.3366615789026555,3.252124552505644,gb,ro,1786.9999999999995,6100.459435496952
6.6224697564357955,7.7781803760902255,4.125233168569162,4.514473512294317,2.639059925297824,3.2402995820027125,hr,it,1739.0000000000002,2439.1750968532274
6.92694345639029,6.74100544323231,4.915166827482789,4.66663692212833,3.3538619568887573,3.2402995820027125,ch,fi,1739.0000000000002,1282.2515139158143
6.990735666565687,7.2357103075140285,4.164940979404548,4.685387855448707,3.0588001005440817,3.239549720840473,hu,nl,1735.999999999999,2025.3501877333576
6.7587064997213675,7.029068292270853,4.7625899206068825,4.271623703850634,3.3252269652017734,3.2390490931401916,dk,gr,1734.0000000000005,1000.2289625683075
6.74100544323231,7.013154523219113,4.66663692212833,4.331940453225171,3.549461626798095,3.2390490931401916,fi,pt,1734.0000000000005,960.6620243561543
6.7587064997213675,6.722419683557874,4.7625899206068825,4.8815310941284595,3.1719386752904413,3.2390490931401916,dk,no,1734.0000000000005,1035.6035303193564
7.056313618101543,7.294440917299021,4.645051177154913,4.028082651392427,3.2033409504543857,3.237292337567459,be,ro,1727.0000000000007,1850.5182114676395
6.74100544323231,6.722419683557874,4.66663692212833,4.8815310941284595,2.8447601522677437,3.236537261488694,fi,no,1724.0000000000002,901.3583221236505
7.819970177164731,6.3218874497231745,4.608729563007837,4.364651405504948,3.1860381306252177,3.2317243833285163,gb,si,1704.999999999999,1355.0931441515177
7.029068292270853,6.678687693565075,4.271623703850634,4.848139245157372,3.4490937804231585,3.2265999052073573,gr,ie,1684.9999999999995,1010.2977331501588
6.119767105335864,7.668238343331752,4.310378688365087,4.450107521827389,3.462981434808379,3.2227164711475833,ee,es,1670.0,1063.9809172015234
7.029068292270853,7.294440917299021,4.271623703850634,4.028082651392427,2.889892147555461,3.2211533219547053,gr,ro,1664.0000000000005,1291.4212695702604
7.585830748659307,7.013154523219113,4.134031649451089,4.331940453225171,3.4005818945938557,3.215637563435062,pl,pt,1643.0000000000002,2400.9427554821063
6.944359127410194,6.7587064997213675,4.676048825179,4.7625899206068825,2.992670484057494,3.2143138974243994,at,dk,1637.999999999999,1205.3969467665002
7.2357103075140285,7.294440917299021,4.685387855448707,4.028082651392427,3.199556250777995,3.2116544005531824,nl,ro,1628.0,2529.539694396032
6.944359127410194,7.585830748659307,4.676048825179,4.134031649451089,2.7985560069086524,3.2030328870147105,at,pl,1595.9999999999993,2924.7022213036216
6.856271402048339,7.917108150555272,3.9170985398882014,4.650018145096109,3.1654082127264433,3.2030328870147105,bg,de,1595.9999999999993,4807.737698307272
6.119767105335864,7.7781803760902255,4.310378688365087,4.514473512294317,3.3023571354441312,3.2022157758011316,ee,it,1593.0000000000002,1372.8567620815809
7.056313618101543,6.990735666565687,4.645051177154913,4.164940979404548,3.059380656178069,3.1997551772534747,be,hu,1584.0,1181.6751146608067
6.92694345639029,6.7587064997213675,4.915166827482789,4.7625899206068825,3.016497554694696,3.1992064791616577,ch,dk,1581.9999999999998,1406.355762886911
7.8071566618028,6.6224697564357955,4.607005978295677,4.125233168569162,3.2007871345173657,3.189209489582306,fr,hr,1546.0000000000005,1828.1771982924488
6.08225635753227,7.7781803760902255,4.278461673011769,4.514473512294317,3.3022159539262383,3.186391215695493,cy,it,1535.9999999999993,1263.4752696052499
6.944359127410194,7.022482603055097,4.676048825179,4.317225047988023,2.410896244382627,3.182414652434554,at,cz,1522.0,1165.9820258861823
6.856271402048339,7.8071566618028,3.9170985398882014,4.607005978295677,3.360418856023985,3.178401341533755,bg,fr,1507.9999999999995,3825.0334263470277
6.7587064997213675,7.013154523219113,4.7625899206068825,4.331940453225171,3.35260600378792,3.17666993266815,dk,pt,1502.0000000000007,1036.6076289861855
7.056313618101543,6.3218874497231745,4.645051177154913,4.364651405504948,2.96200151129874,3.1749315935284423,be,si,1495.9999999999993,406.6139780949131
7.2357103075140285,6.3218874497231745,4.685387855448707,4.364651405504948,2.9865897027147428,3.1740598077250253,nl,si,1492.9999999999995,557.7068325554928
7.917108150555272,6.119767105335864,4.650018145096109,4.310378688365087,3.1124927248048744,3.1699681739968923,de,ee,1478.9999999999995,1042.3903193689907
6.722419683557874,7.013154523219113,4.8815310941284595,4.331940453225171,3.55277966960705,3.1604685311190375,no,pt,1447.0,1095.9769384186552
7.917108150555272,6.735552434089687,4.650018145096109,4.245132387083117,2.8533328514997702,3.1577588860468637,de,sk,1437.9999999999998,3018.6081938024254
6.7587064997213675,6.74100544323231,4.7625899206068825,4.66663692212833,3.1128758960004475,3.1492191126553797,dk,fi,1409.9999999999993,852.4885470377955
7.917108150555272,6.6224697564357955,4.650018145096109,4.125233168569162,2.916388496943944,3.1476763242410986,de,hr,1404.9999999999995,2170.140440773074
6.92694345639029,7.013154523219113,4.915166827482789,4.331940453225171,3.185171519130392,3.144574207609616,ch,pt,1394.9999999999993,1484.7702406478961
6.92694345639029,6.722419683557874,4.915166827482789,4.8815310941284595,3.4021420573244394,3.144574207609616,ch,no,1394.9999999999993,1555.6698649162308
6.74100544323231,7.585830748659307,4.66663692212833,4.134031649451089,3.1560522340752484,3.1357685145678222,fi,pl,1366.9999999999998,2199.7113639151335
7.7781803760902255,6.735552434089687,4.514473512294317,4.245132387083117,2.9427792574585214,3.1283992687178066,it,sk,1344.0000000000005,2214.6615550194924
6.678687693565075,7.0025198783975,4.848139245157372,4.730692438058703,3.252689625399334,3.1264561134318045,ie,se,1338.0000000000007,1425.793844213903
6.678687693565075,7.013154523219113,4.848139245157372,4.331940453225171,3.1777744525853717,3.1261314072619846,ie,pt,1337.0000000000007,953.9138228612699
7.022482603055097,7.0025198783975,4.317225047988023,4.730692438058703,3.16243138369911,3.1261314072619846,cz,se,1337.0000000000007,1630.6990623629965
7.8071566618028,6.735552434089687,4.607005978295677,4.245132387083117,3.272232827405561,3.1136091510730277,fr,sk,1298.9999999999995,2584.234408039173
7.022482603055097,7.029068292270853,4.317225047988023,4.271623703850634,3.122472559249214,3.1095785469043866,cz,gr,1286.9999999999998,1060.6033396688056
6.944359127410194,6.678687693565075,4.676048825179,4.848139245157372,3.2252020713658256,3.1055101847699738,at,ie,1274.9999999999993,1164.4837478193024
7.029068292270853,6.3218874497231745,4.271623703850634,4.364651405504948,3.004430973704749,3.1010593549081156,gr,si,1262.0000000000002,296.11761349987347
7.917108150555272,5.77545752613052,4.650018145096109,5.042188351274836,2.5348181750993475,3.095169351431755,de,lu,1244.9999999999998,1083.9947090634735
7.668238343331752,6.735552434089687,4.450107521827389,4.245132387083117,3.3115437434940924,3.0916669575956846,es,sk,1235.0,1854.8005797720534
7.917108150555272,6.463064203567495,4.650018145096109,4.2159886289840625,3.0071101074930464,3.0870712059065353,de,lt,1221.9999999999995,1784.0418645003704
6.08225635753227,7.917108150555272,4.278461673011769,4.650018145096109,3.4092526915077146,3.0860037056183818,cy,de,1218.9999999999995,1914.0246870534938
7.917108150555272,6.291115882407526,4.650018145096109,4.192953306944774,3.057237855972153,3.083860800866573,de,lv,1213.0000000000005,1266.9159496075702
7.022482603055097,6.74100544323231,4.317225047988023,4.66663692212833,3.2459174242007047,3.0711452904510828,cz,fi,1177.9999999999998,941.0335464339244
6.92694345639029,7.585830748659307,4.915166827482789,4.134031649451089,3.002029550714333,3.0595634179012676,ch,pl,1146.9999999999998,3486.4965303272375
6.7587064997213675,7.585830748659307,4.7625899206068825,4.134031649451089,2.8776395989485244,3.0595634179012676,dk,pl,1146.9999999999998,2350.542580790387
6.119767105335864,7.8071566618028,4.310378688365087,4.607005978295677,3.427962040926243,3.059184617631371,ee,fr,1145.9999999999998,1620.0358928788335
6.678687693565075,6.722419683557874,4.848139245157372,4.8815310941284595,3.333072554420138,3.0576661039098294,ie,no,1142.0000000000005,992.1105462340618
7.668238343331752,5.77545752613052,4.450107521827389,5.042188351274836,3.109938419479598,3.0565237240791006,es,lu,1139.0000000000005,675.4566504358503
6.856271402048339,7.819970177164731,3.9170985398882014,4.608729563007837,3.379872383403682,3.053462604925455,bg,gb,1130.9999999999998,3934.795790560531
7.8071566618028,6.463064203567495,4.607005978295677,4.2159886289840625,3.3804807810443758,3.053462604925455,fr,lt,1130.9999999999998,1519.0163863621494
7.7781803760902255,6.463064203567495,4.514473512294317,4.2159886289840625,3.2127612009619733,3.04493154614916,it,lt,1109.0000000000002,1327.2381567419866
7.022482603055097,7.585830748659307,4.317225047988023,4.134031649451089,2.5846268313545333,3.0409976924234905,cz,pl,1098.9999999999998,2465.6295297023853
7.668238343331752,6.463064203567495,4.450107521827389,4.2159886289840625,3.4175721447128877,3.037824750588342,es,lt,1090.9999999999998,1089.9644914954617
6.74100544323231,6.678687693565075,4.66663692212833,4.848139245157372,3.361906361402966,3.0269416279590295,fi,ie,1064.0000000000005,852.9729184244396
6.92694345639029,6.678687693565075,4.915166827482789,4.848139245157372,3.13127385442863,3.024074987307426,ch,ie,1056.9999999999998,1339.5986644167158
7.7781803760902255,5.77545752613052,4.514473512294317,5.042188351274836,2.960409348060796,3.0195316845312554,it,lu,1046.0,827.9591529638599
6.944359127410194,6.3218874497231745,4.676048825179,4.364651405504948,2.25053305262442,3.0195316845312554,at,si,1046.0,320.32102545995167
6.08225635753227,7.8071566618028,4.278461673011769,4.607005978295677,3.506429285980045,3.017450729510536,cy,fr,1041.0,1505.0612276048034
7.013154523219113,6.3218874497231745,4.331940453225171,4.364651405504948,3.3017632759014592,3.012837224705172,pt,si,1029.9999999999995,313.05239636052056
7.7781803760902255,6.291115882407526,4.514473512294317,4.192953306944774,3.2563366305821444,3.012415374762433,it,lv,1029.0,941.7830486533071
6.7587064997213675,6.678687693565075,4.7625899206068825,4.848139245157372,3.0774732850072355,3.0081741840064264,dk,ie,1019.0000000000001,910.8032583773784
6.944359127410194,6.990735666565687,4.676048825179,4.164940979404548,2.6033564937334357,3.00774777800074,at,hu,1018.0000000000001,959.8106217014498
7.668238343331752,6.291115882407526,4.450107521827389,4.192953306944774,3.4392005779173003,3.0068937079479006,es,lv,1016.0000000000002,771.3882370892043
7.8071566618028,5.77545752613052,4.607005978295677,5.042188351274836,3.0252555574774975,3.0043213737826426,fr,lu,1010.0000000000001,935.9930120545205
6.856271402048339,7.029068292270853,3.9170985398882014,4.271623703850634,2.6621751822027973,3.0034605321095067,bg,gr,1008.0000000000005,572.6119556751605
6.92694345639029,7.022482603055097,4.915166827482789,4.317225047988023,2.7990461910918247,3.0017337128090005,ch,cz,1003.9999999999999,1421.030798491134
7.056313618101543,6.119767105335864,4.645051177154913,4.310378688365087,3.210504524067625,2.9965116721541785,be,ee,991.9999999999995,270.43693545057374
7.013154523219113,7.294440917299021,4.331940453225171,4.028082651392427,3.4420613781747655,2.9943171526696366,pt,ro,986.9999999999997,1407.5812108904677
6.722419683557874,7.585830748659307,4.8815310941284595,4.134031649451089,3.280077484661834,2.9938769149412114,no,pl,986.0000000000006,2546.0905261749203
6.08225635753227,7.819970177164731,4.278461673011769,4.608729563007837,3.543345168227107,2.991226075692495,cy,gb,980.0000000000006,1551.4909865963225
7.022482603055097,7.013154523219113,4.317225047988023,4.331940453225171,3.3335895135919373,2.989894563718773,cz,pt,977.0,1123.6297052374744
6.119767105335864,7.819970177164731,4.310378688365087,4.608729563007837,3.2640287534079455,2.9894498176666917,ee,gb,975.9999999999998,1630.326591498503
7.029068292270853,6.990735666565687,4.271623703850634,4.164940979404548,2.974889911463737,2.9763499790032735,gr,hu,947.0000000000001,847.5777955083354
6.119767105335864,7.2357103075140285,4.310378688365087,4.685387855448707,3.163690616018717,2.9703468762300935,ee,nl,934.0000000000003,579.1210785622911
6.990735666565687,7.0025198783975,4.164940979404548,4.730692438058703,3.24215797397018,2.9656719712201065,hu,se,923.9999999999995,1397.4216082236173
6.678687693565075,7.585830748659307,4.848139245157372,4.134031649451089,3.2649954920835573,2.9561684304753633,ie,pl,903.9999999999999,2313.658673305475
7.056313618101543,6.856271402048339,4.645051177154913,3.9170985398882014,3.254263644836564,2.9561684304753633,be,bg,903.9999999999999,726.0432600714287
6.944359127410194,7.294440917299021,4.676048825179,4.028082651392427,2.930667370740773,2.954724790979063,at,ro,900.9999999999997,1536.4411463662827
7.8071566618028,6.291115882407526,4.607005978295677,4.192953306944774,3.4030692393021864,2.9537596917332287,fr,lv,898.9999999999999,1075.1598718514101
7.819970177164731,6.6224697564357955,4.608729563007837,4.125233168569162,3.233406787176232,2.936513742478893,gb,hr,863.9999999999998,1875.2049028541167
7.294440917299021,7.0025198783975,4.028082651392427,4.730692438058703,3.292227126797372,2.926856708949692,ro,se,844.9999999999997,2048.59731093428
6.74100544323231,6.990735666565687,4.66663692212833,4.164940979404548,3.294707007268815,2.9111576087399764,fi,hu,814.9999999999997,751.3315191353095
7.022482603055097,6.722419683557874,4.317225047988023,4.8815310941284595,3.33426998791604,2.910624404889201,cz,no,813.9999999999999,1147.18453348263
6.990735666565687,7.585830748659307,4.164940979404548,4.134031649451089,2.740658219802479,2.910090545594068,hu,pl,812.9999999999997,2132.306685945897
7.585830748659307,7.294440917299021,4.134031649451089,4.028082651392427,2.9092416505485,2.90687353472207,pl,ro,806.9999999999997,2809.621801210932
7.056313618101543,6.6224697564357955,4.645051177154913,4.125233168569162,3.0383512917789672,2.9057958803678687,be,hr,805.0000000000005,564.6366215862905
6.6224697564357955,7.2357103075140285,4.125233168569162,4.685387855448707,3.0592156834316024,2.8943160626844384,hr,nl,784.0,1100.141488037124
6.92694345639029,6.990735666565687,4.915166827482789,4.164940979404548,2.932142380845176,2.893206753059848,ch,hu,782.0,1161.475284911224
6.856271402048339,7.2357103075140285,3.9170985398882014,4.685387855448707,3.2584846596117716,2.8870543780509568,bg,nl,770.9999999999997,1394.1910152234404
6.990735666565687,7.013154523219113,4.164940979404548,4.331940453225171,3.372707410008682,2.885361220031512,hu,pt,768.0000000000003,958.2194887202027
7.0025198783975,6.3218874497231745,4.730692438058703,4.364651405504948,3.269583480138496,2.8727388274726686,se,si,745.9999999999997,413.1929543744932
7.029068292270853,6.6224697564357955,4.271623703850634,4.125233168569162,2.9211118362230972,2.8721562727482928,gr,hr,744.9999999999999,403.4107198933729
7.819970177164731,5.77545752613052,4.608729563007837,5.042188351274836,2.8821305203990844,2.8686444383948255,gb,lu,738.9999999999997,940.0771297621765
7.029068292270853,5.77545752613052,4.271623703850634,5.042188351274836,3.2503688906575534,2.859738566197147,gr,lu,724.0000000000002,219.40835751518586
7.2357103075140285,6.735552434089687,4.685387855448707,4.245132387083117,3.0282022063880047,2.857935264719429,nl,sk,720.9999999999999,1080.8969711609302
6.74100544323231,6.3218874497231745,4.66663692212833,4.364651405504948,3.334439103646897,2.845098040014257,fi,si,700.0000000000001,262.81264708718544
6.291115882407526,7.2357103075140285,4.192953306944774,4.685387855448707,3.1275534882273766,2.8444771757456815,lv,nl,699.0000000000001,691.9775468831766
7.056313618101543,5.77545752613052,4.645051177154913,5.042188351274836,2.144945463623768,2.8444771757456815,be,lu,699.0000000000001,265.271431144799
7.819970177164731,6.463064203567495,4.608729563007837,4.2159886289840625,3.236486666521916,2.8419848045901137,gb,lt,694.9999999999998,1525.4857093353526
7.056313618101543,6.08225635753227,4.645051177154913,4.278461673011769,3.4597619463347082,2.840106094456758,be,cy,692.0000000000003,251.15027846140677
7.056313618101543,6.463064203567495,4.645051177154913,4.2159886289840625,3.142913410808812,2.8382192219076257,be,lt,688.9999999999998,464.9497473578065
7.056313618101543,6.735552434089687,4.645051177154913,4.245132387083117,3.0398724013382794,2.837588438235511,be,sk,687.9999999999999,791.4914863866622
7.022482603055097,6.7587064997213675,4.317225047988023,4.7625899206068825,2.8974658581197357,2.833147111912785,cz,dk,680.9999999999999,1030.7432441652622
7.056313618101543,6.291115882407526,4.645051177154913,4.192953306944774,3.1743968764958534,2.832508912706236,be,lv,679.9999999999998,329.44216765545525
6.08225635753227,7.2357103075140285,4.278461673011769,4.685387855448707,3.4643481375237504,2.82865989653532,cy,nl,674.0,552.5274466658617
7.819970177164731,6.735552434089687,4.608729563007837,4.245132387083117,3.218465194010574,2.8260748027008264,gb,sk,670.0,2623.4319063240077
7.585830748659307,6.3218874497231745,4.134031649451089,4.364651405504948,2.8701699375156555,2.8195439355418688,pl,si,660.0000000000001,632.492951522309
6.463064203567495,7.2357103075140285,4.2159886289840625,4.685387855448707,3.097319736310825,2.8102325179950842,lt,nl,646.0000000000002,919.910845143055
7.022482603055097,6.990735666565687,4.317225047988023,4.164940979404548,2.6156752792243925,2.807535028068853,cz,hu,641.9999999999998,831.3763980884368
6.92694345639029,6.3218874497231745,4.915166827482789,4.364651405504948,2.723408910979723,2.803457115648414,ch,si,635.9999999999999,394.3694203542734
6.74100544323231,7.294440917299021,4.66663692212833,4.028082651392427,3.3175033855887337,2.8027737252919755,fi,ro,634.9999999999998,1159.6469267218947
5.77545752613052,7.2357103075140285,5.042188351274836,4.685387855448707,2.452671546651169,2.801403710017355,lu,nl,633.0000000000002,534.1569707912137
6.119767105335864,7.029068292270853,4.310378688365087,4.271623703850634,3.340123491661046,2.7965743332104296,ee,gr,625.9999999999999,260.91183997105844
7.022482603055097,6.678687693565075,4.317225047988023,4.848139245157372,3.2194445159243115,2.795184589682424,cz,ie,624.0000000000002,1006.4808480615127
6.944359127410194,6.735552434089687,4.676048825179,4.245132387083117,2.6257296407414246,2.783903579272735,at,sk,608.0000000000002,646.117854417425
6.944359127410194,6.6224697564357955,4.676048825179,4.125233168569162,2.539829878284566,2.7810369386211318,at,hr,603.9999999999999,456.2957724468759
6.7587064997213675,6.3218874497231745,4.7625899206068825,4.364651405504948,3.0645856276406067,2.7730546933642626,dk,si,593.0,281.1213321399262
6.7587064997213675,6.990735666565687,4.7625899206068825,4.164940979404548,3.072749790405991,2.7701152947871015,dk,hu,588.9999999999998,808.2951697706183
6.119767105335864,6.74100544323231,4.310378688365087,4.66663692212833,2.8151738117234526,2.7641761323903307,ee,fi,580.9999999999999,214.20336941814597
6.678687693565075,7.294440917299021,4.848139245157372,4.028082651392427,3.3971042437422563,2.7573960287930244,ie,ro,572.0000000000002,1215.4397280154776
6.722419683557874,7.294440917299021,4.8815310941284595,4.028082651392427,3.423070624763205,2.7573960287930244,no,ro,572.0000000000002,1339.288128814904
7.819970177164731,6.291115882407526,4.608729563007837,4.192953306944774,3.2485464638212944,2.745855195173729,gb,lv,557.0,1078.3784266370822
6.7587064997213675,7.294440917299021,4.7625899206068825,4.028082651392427,3.189147476268671,2.7450747915820575,dk,ro,556.0,1261.6296019985302
6.990735666565687,6.722419683557874,4.164940979404548,4.8815310941284595,3.390045645160732,2.7363965022766426,hu,no,545.0000000000001,980.260162710814
7.917108150555272,5.536104974168196,4.650018145096109,4.857089026390903,3.3568747438572695,2.7307822756663893,de,is,538.0000000000002,628.6085933156133
6.6224697564357955,7.013154523219113,4.125233168569162,4.331940453225171,3.3235391418977915,2.727541257028556,hr,pt,533.9999999999998,517.4100039559569
7.8071566618028,5.536104974168196,4.607005978295677,4.857089026390903,3.43261225922846,2.714329759745233,fr,is,518.0000000000001,516.4869933941219
7.022482603055097,6.3218874497231745,4.317225047988023,4.364651405504948,2.609486045957915,2.714329759745233,cz,si,518.0000000000001,289.2172654275246
6.944359127410194,6.856271402048339,4.676048825179,3.9170985398882014,3.011101008206214,2.705007959333336,at,bg,507.00000000000006,604.9504073671908
6.6224697564357955,7.585830748659307,4.125233168569162,4.134031649451089,2.91295503794994,2.7032913781186614,hr,pl,505.0,1182.3246112860147
6.119767105335864,7.013154523219113,4.310378688365087,4.331940453225171,3.5042334714684724,2.7032913781186614,ee,pt,505.0,274.86498752035754
5.536104974168196,7.7781803760902255,4.857089026390903,4.514473512294317,3.497445085645073,2.7032913781186614,is,it,505.0,842.6262331866457
6.92694345639029,7.294440917299021,4.915166827482789,4.028082651392427,3.113053503761378,2.7024305364455254,ch,ro,504.00000000000017,1826.950858307031
7.819970177164731,5.536104974168196,4.608729563007837,4.857089026390903,3.1835822240230742,2.7024305364455254,gb,is,504.00000000000017,512.2036933987886
6.856271402048339,7.013154523219113,3.9170985398882014,4.331940453225171,3.445995417052132,2.7015679850559273,bg,pt,502.9999999999999,649.7015932697483
7.294440917299021,6.3218874497231745,4.028082651392427,4.364651405504948,2.8894198558591575,2.6954816764901977,ro,si,496.0000000000002,369.92602595992383
7.022482603055097,6.735552434089687,4.317225047988023,4.245132387083117,2.512378503579675,2.694605198933569,cz,sk,495.00000000000017,551.3005771041221
6.08225635753227,7.013154523219113,4.278461673011769,4.331940453225171,3.5623459541944813,2.69284691927723,cy,pt,493.00000000000017,254.73604940491953
6.990735666565687,6.678687693565075,4.164940979404548,4.848139245157372,3.3116648679296663,2.690196080028514,hu,ie,490.0000000000002,863.7914149139201
6.119767105335864,7.0025198783975,4.310378688365087,4.730692438058703,2.8349723314184083,2.690196080028514,ee,se,490.0000000000002,375.8082440649272
6.990735666565687,7.294440917299021,4.164940979404548,4.028082651392427,2.6567419241769175,2.6875289612146345,hu,ro,487.00000000000017,1091.5646823619518
7.022482603055097,7.294440917299021,4.317225047988023,4.028082651392427,2.924401709652586,2.6866362692622934,cz,ro,486.0,1327.8884361764005
6.856271402048339,7.0025198783975,3.9170985398882014,4.730692438058703,3.3620100894062737,2.682145076373832,bg,se,481.00000000000017,952.7916493527345
6.678687693565075,6.3218874497231745,4.848139245157372,4.364651405504948,3.2607309682104306,2.6757783416740852,ie,si,474.00000000000017,270.4463402893956
6.944359127410194,6.119767105335864,4.676048825179,4.310378688365087,3.1623085598445915,2.6757783416740852,at,ee,474.00000000000017,230.6547894150218
6.990735666565687,6.3218874497231745,4.164940979404548,4.364651405504948,2.554667523261804,2.6748611407378116,hu,si,473.0,243.88262548127852
7.029068292270853,6.463064203567495,4.271623703850634,4.2159886289840625,3.2564900414858404,2.673941998634088,gr,lt,472.0000000000002,341.4978266494619
6.856271402048339,6.74100544323231,3.9170985398882014,4.66663692212833,3.384105529841543,2.673020907128896,bg,fi,471.0,545.8038850917393
6.856271402048339,7.585830748659307,3.9170985398882014,4.134031649451089,3.0545990409894634,2.6693168805661123,bg,pl,467.0000000000001,1488.0368750319333
6.722419683557874,6.3218874497231745,4.8815310941284595,4.364651405504948,3.409098924976656,2.663700925389648,no,si,460.99999999999983,302.40374525209506
6.6224697564357955,7.0025198783975,4.125233168569162,4.730692438058703,3.2968022769379597,2.6627578316815743,hr,se,460.0000000000003,764.0046898874436
6.856271402048339,7.294440917299021,3.9170985398882014,4.028082651392427,2.538439746636839,2.661812685537261,bg,ro,458.9999999999998,723.3272151248058
6.7587064997213675,6.119767105335864,4.7625899206068825,4.310378688365087,2.999701625560699,2.6589648426644352,dk,ee,456.0000000000002,180.08597284644006
6.944359127410194,6.463064203567495,4.676048825179,4.2159886289840625,3.037433817919685,2.656098202012832,at,lt,453.0,393.8433034236377
7.029068292270853,6.291115882407526,4.271623703850634,4.192953306944774,3.2963587330514,2.655138434811382,gr,lv,451.9999999999999,242.21285375808753
6.944359127410194,6.291115882407526,4.676048825179,4.192953306944774,3.0992074920493655,2.649334858712142,at,lv,446.00000000000006,280.0734050146702
7.585830748659307,6.735552434089687,4.134031649451089,4.245132387083117,2.5807655600051027,2.649334858712142,pl,sk,446.00000000000006,1178.201497283736
7.0025198783975,6.735552434089687,4.730692438058703,4.245132387083117,3.1982019509945556,2.6434526764861874,se,sk,440.0,790.0507947447617
6.7587064997213675,6.6224697564357955,4.7625899206068825,4.125233168569162,3.1191771202925684,2.629409599102719,dk,hr,425.99999999999994,389.35791337438553
7.029068292270853,6.735552434089687,4.271623703850634,4.245132387083117,3.042828474131311,2.6273658565927325,gr,sk,423.99999999999983,573.687490331077
6.74100544323231,6.291115882407526,4.66663692212833,4.192953306944774,2.934935015395864,2.606381365110605,fi,lv,404.00000000000017,197.8889102598589
6.291115882407526,7.585830748659307,4.192953306944774,4.134031649451089,2.7991413407529153,2.6053050461411096,lv,pl,403.0000000000001,727.6247182309904
6.944359127410194,6.08225635753227,4.676048825179,4.278461673011769,3.3252796918363883,2.60422605308447,at,cy,401.99999999999983,212.00340533254564
7.7781803760902255,5.680794951525835,4.514473512294317,4.4491943650511265,2.9176531085442003,2.60422605308447,it,mt,401.99999999999983,372.7988923135836
6.6224697564357955,6.3218874497231745,4.125233168569162,4.364651405504948,2.2480871215909497,2.598790506763115,hr,si,397.0000000000001,127.69209917372858
6.119767105335864,7.585830748659307,4.310378688365087,4.134031649451089,2.91999417863107,2.597695185925512,ee,pl,395.9999999999999,615.1633229541086
6.291115882407526,7.013154523219113,4.192953306944774,4.331940453225171,3.4845610930675517,2.5899496013257077,lv,pt,389.0,329.077582656367
5.77545752613052,7.013154523219113,5.042188351274836,4.331940453225171,3.1978181753565527,2.5877109650189114,lu,pt,387.0,266.1094356837038
7.668238343331752,5.536104974168196,4.450107521827389,4.857089026390903,3.4650171696476675,2.582063362911709,es,is,382.00000000000017,370.3953811531677
6.119767105335864,6.722419683557874,4.310378688365087,4.8815310941284595,3.1049867772738637,2.5809249756756194,ee,no,381.0000000000001,267.50467481609115
7.013154523219113,6.735552434089687,4.331940453225171,4.245132387083117,3.3814740515024164,2.578639209968072,pt,sk,378.99999999999983,609.5041387007436
6.856271402048339,6.678687693565075,3.9170985398882014,4.848139245157372,3.4321707284099205,2.574031267727719,bg,ie,375.0,588.9973881192406
6.944359127410194,5.77545752613052,4.676048825179,5.042188351274836,2.808145928488184,2.5658478186735176,at,lu,368.0,246.36723777386007
6.463064203567495,7.585830748659307,4.2159886289840625,4.134031649451089,2.6638499184544293,2.5646660642520893,lt,pl,367.0,955.2074058987796
6.6224697564357955,7.294440917299021,4.125233168569162,4.028082651392427,2.820713470023161,2.5622928644564746,hr,ro,364.99999999999994,604.649339894554
6.08225635753227,6.678687693565075,4.278461673011769,4.848139245157372,3.5787041717889587,2.5575072019056577,cy,ie,360.99999999999983,231.77121704024063
6.856271402048339,6.92694345639029,3.9170985398882014,4.915166827482789,3.1525665349533565,2.5538830266438746,bg,ch,358.00000000000017,975.3379654343835
6.74100544323231,6.735552434089687,4.66663692212833,4.245132387083117,3.255752521203804,2.550228353055094,fi,sk,355.0000000000001,502.0748530135221
6.291115882407526,7.0025198783975,4.192953306944774,4.730692438058703,2.9094279080017467,2.5477747053878224,lv,se,352.99999999999983,455.03026213267424
6.74100544323231,6.6224697564357955,4.66663692212833,4.125233168569162,3.3522695341533817,2.5440680443502757,fi,hr,350.0,362.40127243200567
7.022482603055097,6.463064203567495,4.317225047988023,4.2159886289840625,2.925691215675518,2.5428254269591797,cz,lt,348.99999999999983,336.1118481165317
5.536104974168196,6.722419683557874,4.857089026390903,4.8815310941284595,3.1849442615248926,2.5352941200427703,is,no,342.9999999999999,161.93987209071742
6.856271402048339,6.7587064997213675,3.9170985398882014,4.7625899206068825,3.2654066200450376,2.534026106056135,bg,dk,341.9999999999999,614.5118280176482
6.119767105335864,6.678687693565075,4.310378688365087,4.848139245157372,3.3375192646938325,2.5289167002776547,ee,ie,337.99999999999994,244.66276336151344
6.6224697564357955,6.678687693565075,4.125233168569162,4.848139245157372,3.300485624392087,2.5276299008713385,hr,ie,336.99999999999994,468.54824496509076
6.74100544323231,6.463064203567495,4.66663692212833,4.2159886289840625,3.015043894106082,2.5276299008713385,fi,lt,336.99999999999994,283.0424791903805
7.022482603055097,6.291115882407526,4.317225047988023,4.192953306944774,3.0021292917175177,2.526339277389844,cz,lv,336.00000000000006,239.43897599492317
6.119767105335864,6.3218874497231745,4.310378688365087,4.364651405504948,3.1968260611964174,2.526339277389844,ee,si,336.00000000000006,74.36877124449441
6.463064203567495,7.0025198783975,4.2159886289840625,4.730692438058703,2.971088044986959,2.525044807036845,lt,se,334.99999999999994,611.6076891963446
7.917108150555272,5.680794951525835,4.650018145096109,4.4491943650511265,3.247275971843646,2.5211380837040362,de,mt,331.99999999999994,534.2783687633316
6.92694345639029,6.119767105335864,4.915166827482789,4.310378688365087,3.247928026048059,2.5211380837040362,ch,ee,331.99999999999994,271.1072213933533
6.92694345639029,6.6224697564357955,4.915166827482789,4.125233168569162,2.835179476741857,2.519827993775719,ch,hr,331.0000000000001,549.9611607790102
6.856271402048339,6.990735666565687,3.9170985398882014,4.164940979404548,2.8293477066782295,2.513217600067939,bg,hu,325.99999999999994,486.5805584605631
6.08225635753227,6.74100544323231,4.278461673011769,4.66663692212833,3.521674538829433,2.5118833609788744,cy,fi,325.00000000000006,214.5440930295885
7.668238343331752,5.680794951525835,4.450107521827389,4.4491943650511265,3.2214857706117628,2.510545010206612,es,mt,323.99999999999994,309.8044883914489
6.463064203567495,7.013154523219113,4.2159886289840625,4.331940453225171,3.466725827022194,2.510545010206612,lt,pt,323.99999999999994,438.12376877638627
6.92694345639029,5.77545752613052,4.915166827482789,5.042188351274836,2.564952191640412,2.507855871695831,ch,lu,321.99999999999994,278.39517913593886
6.08225635753227,7.585830748659307,4.278461673011769,4.134031649451089,3.3434764233951606,2.505149978319906,cy,pl,319.9999999999999,595.6105596193411
6.08225635753227,7.294440917299021,4.278461673011769,4.028082651392427,3.1445957760478978,2.505149978319906,cy,ro,319.9999999999999,300.73467241128554
6.6224697564357955,6.722419683557874,4.125233168569162,4.8815310941284595,3.429574211894386,2.503790683057181,hr,no,318.9999999999999,534.963107940446
6.856271402048339,6.722419683557874,3.9170985398882014,4.8815310941284595,3.4761468150533164,2.503790683057181,bg,no,318.9999999999999,665.6663924975174
6.08225635753227,7.0025198783975,4.278461673011769,4.730692438058703,3.5194098790686033,2.503790683057181,cy,se,318.9999999999999,375.4128865358423
6.856271402048339,6.3218874497231745,3.9170985398882014,4.364651405504948,2.9530600339760054,2.5024271199844326,bg,si,317.99999999999994,171.92410681376114
6.08225635753227,6.722419683557874,4.278461673011769,4.8815310941284595,3.5980190354896324,2.494154594018443,cy,no,312.00000000000006,261.1681799705583
6.7587064997213675,6.291115882407526,4.7625899206068825,4.192953306944774,2.9659166128410672,2.481442628502305,dk,lv,302.99999999999983,219.43902011818605
5.536104974168196,7.2357103075140285,4.857089026390903,4.685387855448707,3.296122880726846,2.4668676203541096,is,nl,293.00000000000006,352.793623455296
6.856271402048339,7.022482603055097,3.9170985398882014,4.317225047988023,3.0365481906656164,2.4638929889859074,bg,cz,291.00000000000006,620.0765653013948
6.722419683557874,6.735552434089687,4.8815310941284595,4.245132387083117,3.359144873253317,2.4638929889859074,no,sk,291.00000000000006,579.7004043307232
7.022482603055097,6.6224697564357955,4.317225047988023,4.125233168569162,2.7301247303263096,2.4578818967339924,cz,hr,287.00000000000006,403.75153619218264
6.92694345639029,6.463064203567495,4.915166827482789,4.2159886289840625,3.160874720845489,2.456366033129043,ch,lt,286.00000000000006,465.0171491586575
6.7587064997213675,6.735552434089687,4.7625899206068825,4.245132387083117,3.0191538137527014,2.456366033129043,dk,sk,286.00000000000006,539.1944555262685
6.92694345639029,6.735552434089687,4.915166827482789,4.245132387083117,2.944303467112351,2.4533183400470375,ch,sk,283.9999999999999,780.9173782457797
6.990735666565687,6.735552434089687,4.164940979404548,4.245132387083117,2.2307785325045906,2.4533183400470375,hu,sk,283.9999999999999,452.42998238109016
6.119767105335864,7.294440917299021,4.310378688365087,4.028082651392427,3.1535154711512505,2.450249108319361,ee,ro,281.9999999999999,327.11353007067936
6.463064203567495,6.722419683557874,4.2159886289840625,4.8815310941284595,3.204998047655791,2.4471580313422194,lt,no,280.0000000000001,433.4713584349742
5.77545752613052,7.0025198783975,5.042188351274836,4.730692438058703,3.201389861382941,2.4471580313422194,lu,se,280.0000000000001,394.36436609416825
6.6224697564357955,6.990735666565687,4.125233168569162,4.164940979404548,2.511550169758179,2.444044795918076,hr,hu,277.99999999999994,378.5445222217612
6.856271402048339,6.08225635753227,3.9170985398882014,4.278461673011769,3.043217763600593,2.4424797690644486,bg,cy,277.00000000000006,101.13252589226528
7.022482603055097,6.119767105335864,4.317225047988023,4.310378688365087,3.078528922661781,2.4409090820652177,cz,ee,276.0,197.5045206815761
6.08225635753227,6.3218874497231745,4.278461673011769,4.364651405504948,3.2940122254842823,2.439332693830263,cy,si,275.0000000000001,69.24582758629492
6.119767105335864,6.990735666565687,4.310378688365087,4.164940979404548,3.1284706403423135,2.432969290874406,ee,hu,271.00000000000006,211.8787511695349
6.74100544323231,5.77545752613052,4.66663692212833,5.042188351274836,3.307329560023902,2.428134794028789,fi,lu,268.00000000000006,188.46704345803047
6.291115882407526,6.3218874497231745,4.192953306944774,4.364651405504948,3.1366824378848865,2.4265112613645754,lv,si,267.0000000000001,88.60633721158483
6.92694345639029,6.08225635753227,4.915166827482789,4.278461673011769,3.391833716125787,2.4216039268698313,ch,cy,264.0000000000001,248.61650221951896
6.7587064997213675,6.463064203567495,4.7625899206068825,4.2159886289840625,2.94636723163939,2.419955748489758,dk,lt,263.0000000000001,310.14252173215726
6.856271402048339,6.6224697564357955,3.9170985398882014,4.125233168569162,2.8675614241486964,2.4149733479708178,bg,hr,259.9999999999999,234.15672097315434
6.291115882407526,6.722419683557874,4.192953306944774,4.8815310941284595,3.162018140757385,2.4149733479708178,lv,no,259.9999999999999,323.2207336388662
6.92694345639029,6.291115882407526,4.915166827482789,4.192953306944774,3.202903370333911,2.41161970596323,ch,lv,257.99999999999994,329.9062474700865
7.819970177164731,5.680794951525835,4.608729563007837,4.4491943650511265,3.3881961236501654,2.4082399653118496,gb,mt,256.0,452.03341427060053
6.678687693565075,6.735552434089687,4.848139245157372,4.245132387083117,3.2972180687572337,2.404833716619938,ie,sk,254.0,523.833053060616
6.856271402048339,6.119767105335864,3.9170985398882014,4.310378688365087,3.247537688014395,2.3961993470957363,bg,ee,249.0,114.97710749609998
7.8071566618028,5.680794951525835,4.607005978295677,4.4491943650511265,3.2243896178308087,2.3944516808262164,fr,mt,248.00000000000009,433.8281770068023
7.294440917299021,6.735552434089687,4.028082651392427,4.245132387083117,2.716164075186256,2.383815365980431,ro,sk,241.9999999999999,698.7455377218878
7.056313618101543,5.536104974168196,4.645051177154913,4.857089026390903,3.321397968993501,2.3820170425748683,be,is,240.99999999999997,160.49958303313815
7.029068292270853,5.680794951525835,4.271623703850634,4.4491943650511265,2.924636520900952,2.3783979009481375,gr,mt,238.99999999999991,95.49986581529846
5.536104974168196,7.0025198783975,4.857089026390903,4.730692438058703,3.2376285683211004,2.376576957056512,is,se,237.99999999999994,236.46702694215844
6.678687693565075,6.463064203567495,4.848139245157372,4.2159886289840625,3.3168615892601476,2.376576957056512,ie,lt,237.99999999999994,304.660113741511
6.74100544323231,5.536104974168196,4.66663692212833,4.857089026390903,3.320980162812998,2.369215857410143,fi,is,234.00000000000006,99.20820868891529
6.7587064997213675,5.77545752613052,4.7625899206068825,5.042188351274836,2.874102133143246,2.369215857410143,dk,lu,234.00000000000006,197.69092598276004
6.291115882407526,7.294440917299021,4.192953306944774,4.028082651392427,3.0857407812136635,2.3636119798921444,lv,ro,231.00000000000009,389.38196658397146
6.990735666565687,6.291115882407526,4.164940979404548,4.192953306944774,3.0539524896003507,2.3541084391474008,hu,lv,225.99999999999991,204.5019107323831
6.08225635753227,7.022482603055097,4.278461673011769,4.317225047988023,3.3409251146142562,2.3521825181113627,cy,cz,225.0000000000001,248.65664145677277
6.678687693565075,6.291115882407526,4.848139245157372,4.192953306944774,3.3261237185848738,2.3521825181113627,ie,lv,225.0000000000001,215.29460907504577
5.77545752613052,6.722419683557874,5.042188351274836,4.8815310941284595,3.346386513295599,2.3483048630481607,lu,no,223.0,276.54207577596037
5.77545752613052,7.585830748659307,5.042188351274836,4.134031649451089,2.9880480609191102,2.346352974450639,lu,pl,222.0000000000001,622.881549215197
6.08225635753227,6.7587064997213675,4.278461673011769,4.7625899206068825,3.4680346442053196,2.342422680822206,cy,dk,219.99999999999997,243.44091083137107
6.990735666565687,6.463064203567495,4.164940979404548,4.2159886289840625,2.978976553722673,2.3404441148401185,hu,lt,219.00000000000009,287.1192981600808
6.119767105335864,6.291115882407526,4.310378688365087,4.192953306944774,2.3281596481982922,2.3384564936046046,ee,lv,217.9999999999999,52.93795088451947
6.3218874497231745,6.735552434089687,4.364651405504948,4.245132387083117,2.6530817102154085,2.3344537511509307,si,sk,215.9999999999999,192.468079124442
6.463064203567495,7.294440917299021,4.2159886289840625,4.028082651392427,3.0217452685058395,2.3242824552976926,lt,ro,210.99999999999997,515.5535693324146
6.463064203567495,6.3218874497231745,4.2159886289840625,4.364651405504948,3.077967856475638,2.320146286111054,lt,si,208.9999999999999,117.39169719506273
6.7587064997213675,5.536104974168196,4.7625899206068825,4.857089026390903,3.2646314448043863,2.3180633349627615,dk,is,207.99999999999997,108.86754111505786
5.77545752613052,6.3218874497231745,5.042188351274836,4.364651405504948,2.893351981738302,2.3096301674258988,lu,si,204.0,72.0251903220144
7.056313618101543,5.680794951525835,4.645051177154913,4.4491943650511265,3.2690674076715993,2.303196057420489,be,mt,201.00000000000009,137.35339733972245
5.680794951525835,7.2357103075140285,4.4491943650511265,4.685387855448707,3.299603734960477,2.292256071356476,mt,nl,195.99999999999994,326.829136059587
6.463064203567495,6.735552434089687,4.2159886289840625,4.245132387083117,2.896876902886884,2.2833012287035497,lt,sk,192.00000000000003,221.53077950613678
6.6224697564357955,6.735552434089687,4.125233168569162,4.245132387083117,2.6715577755804736,2.2810333672477277,hr,sk,191.00000000000006,259.06026414386264
6.291115882407526,6.735552434089687,4.192953306944774,4.245132387083117,2.985730695180061,2.2624510897304293,lv,sk,182.99999999999991,167.81425948576126
6.119767105335864,6.6224697564357955,4.310378688365087,4.125233168569162,3.215238149290969,2.255272505103306,ee,hr,179.99999999999997,102.55676382000287
6.856271402048339,6.291115882407526,3.9170985398882014,4.192953306944774,3.1940587189401315,2.2479732663618064,bg,lv,176.99999999999991,139.77231820508817
6.463064203567495,6.291115882407526,4.2159886289840625,4.192953306944774,2.254420789021776,2.2430380486862944,lt,lv,175.0,84.01567541989697
6.08225635753227,6.6224697564357955,4.278461673011769,4.125233168569162,3.253883805861812,2.2405492482825995,cy,hr,173.99999999999991,94.82501653759027
6.119767105335864,6.463064203567495,4.310378688365087,4.2159886289840625,2.593620317877828,2.2380461031287955,ee,lt,173.00000000000003,77.41702272429936
6.856271402048339,6.735552434089687,3.9170985398882014,4.245132387083117,2.9017002195139527,2.2355284469075487,bg,sk,171.99999999999991,329.51873225705253
6.08225635753227,6.990735666565687,4.278461673011769,4.164940979404548,3.2503446472974504,2.2355284469075487,cy,hu,171.99999999999991,197.8674213807897
7.022482603055097,5.77545752613052,4.317225047988023,5.042188351274836,2.8289795275678014,2.2355284469075487,cz,lu,171.99999999999991,213.61802949164294
6.678687693565075,5.77545752613052,4.848139245157372,5.042188351274836,3.0172717197984102,2.2329961103921536,ie,lu,170.99999999999991,188.98139516501308
7.029068292270853,5.536104974168196,4.271623703850634,4.857089026390903,3.593981930221126,2.2278867046136734,gr,is,168.99999999999997,120.15033197645776
5.536104974168196,7.013154523219113,4.857089026390903,4.331940453225171,3.4644651658987224,2.214843848047698,is,pt,164.00000000000003,164.02707000137914
6.08225635753227,5.77545752613052,4.278461673011769,5.042188351274836,3.439332395356423,2.2121876044039577,cy,lu,162.99999999999994,50.693226473964835
6.6224697564357955,6.463064203567495,4.125233168569162,4.2159886289840625,3.0984545068570215,2.1986570869544226,hr,lt,158.0,158.19859148403566
6.6224697564357955,6.291115882407526,4.125233168569162,4.192953306944774,3.156046670302009,2.1958996524092336,hr,lv,156.99999999999994,112.44329405242884
6.08225635753227,6.119767105335864,4.278461673011769,4.310378688365087,3.4300730211904074,2.184691430817599,cy,ee,153.00000000000003,45.43910628467503
6.119767105335864,6.735552434089687,4.310378688365087,4.245132387083117,3.071424515411129,2.1789769472931693,ee,sk,150.99999999999994,141.28088755629256
5.77545752613052,7.294440917299021,5.042188351274836,4.028082651392427,3.170758219219031,2.1702617153949575,lu,ro,148.00000000000003,329.2085599988006
6.990735666565687,5.77545752613052,4.164940979404548,5.042188351274836,3.0123060436600353,2.155336037465062,hu,lu,143.00000000000003,185.3442968956084
6.678687693565075,5.680794951525835,4.848139245157372,4.4491943650511265,3.420099543900015,2.1522883443830563,ie,mt,141.99999999999994,89.75470964700797
6.856271402048339,5.77545752613052,3.9170985398882014,5.042188351274836,3.2222765508598155,2.1492191126553797,bg,lu,140.99999999999991,127.74276155681916
5.536104974168196,7.585830748659307,4.857089026390903,4.134031649451089,3.411490787229544,2.1335389083702174,is,pl,135.99999999999997,391.2144114878161
5.680794951525835,7.013154523219113,4.4491943650511265,4.331940453225171,3.3066768881653577,2.130333768495006,mt,pt,135.0,149.04890959891333
6.119767105335864,5.77545752613052,4.310378688365087,5.042188351274836,3.209322671804049,2.1271047983648077,ee,lu,134.00000000000003,53.58453567277638
6.856271402048339,6.463064203567495,3.9170985398882014,4.2159886289840625,3.145145236372885,2.123851640967086,bg,lt,133.0,196.85278054196593
6.944359127410194,5.536104974168196,4.676048825179,4.857089026390903,3.4397618425517855,2.12057393120585,at,is,132.00000000000006,139.64721675355636
6.944359127410194,5.680794951525835,4.676048825179,4.4491943650511265,3.128925627885061,2.1172712956557644,at,mt,131.00000000000006,115.8655310438369
6.6224697564357955,5.77545752613052,4.125233168569162,5.042188351274836,2.9811256284561605,2.110589710299249,hr,lu,128.99999999999994,100.29620560003866
6.92694345639029,5.536104974168196,4.915166827482789,4.857089026390903,3.4146140076908944,2.0791812460476247,ch,is,119.99999999999996,161.97592400733382
5.680794951525835,7.0025198783975,4.4491943650511265,4.730692438058703,3.4830587904731374,2.0644579892269186,mt,se,116.00000000000003,225.50342879035782
6.08225635753227,6.463064203567495,4.278461673011769,4.2159886289840625,3.3750760142905265,2.05307844348342,cy,lt,113.00000000000006,78.23926187020757
6.463064203567495,5.77545752613052,4.2159886289840625,5.042188351274836,3.132535300020261,2.0453229787866576,lt,lu,111.00000000000004,85.01080545762339
5.77545752613052,6.735552434089687,5.042188351274836,4.245132387083117,2.996248790234444,2.041392685158225,lu,sk,109.99999999999997,140.62088442254546
5.680794951525835,6.722419683557874,4.4491943650511265,4.8815310941284595,3.5735091606907665,2.0211892990699383,mt,no,105.00000000000004,157.101392871752
6.678687693565075,5.536104974168196,4.848139245157372,4.857089026390903,3.163240755060773,2.012837224705172,ie,is,102.99999999999996,101.06771103493196
5.77545752613052,6.291115882407526,5.042188351274836,4.192953306944774,3.1687905162424035,2.0,lu,lv,100.0,58.797632879958186
6.08225635753227,6.291115882407526,4.278461673011769,4.192953306944774,3.400015227867891,2.0,cy,lv,100.0,55.39334393714546
6.7587064997213675,5.680794951525835,4.7625899206068825,4.4491943650511265,3.3637532488626674,1.968482948553935,dk,mt,92.99999999999999,94.87245870094236
5.680794951525835,7.585830748659307,4.4491943650511265,4.134031649451089,3.276737298511814,1.9637878273455553,mt,pl,92.00000000000001,356.472506319706
6.74100544323231,5.680794951525835,4.66663692212833,4.4491943650511265,3.5215994269870516,1.9637878273455553,fi,mt,92.00000000000001,87.51201851964686
5.680794951525835,7.294440917299021,4.4491943650511265,4.028082651392427,3.1628461192744486,1.9542425094393248,mt,ro,89.99999999999997,181.83061591986313
6.08225635753227,6.735552434089687,4.278461673011769,4.245132387083117,3.2779488887385937,1.9493900066449128,cy,sk,89.0,133.28231467431576
6.08225635753227,5.680794951525835,4.278461673011769,4.4491943650511265,3.2306096135183,1.919078092376074,cy,mt,83.00000000000001,22.37610980849136
7.022482603055097,5.536104974168196,4.317225047988023,4.857089026390903,3.4163831183734605,1.9138138523837167,cz,is,82.0,120.4447801691121
5.536104974168196,7.294440917299021,4.857089026390903,4.028082651392427,3.5293309579075727,1.9084850188786497,is,ro,81.0,205.1667358930426
5.536104974168196,6.3218874497231745,4.857089026390903,4.364651405504948,3.466503467401756,1.8512583487190752,is,si,70.99999999999999,46.055273050617785
7.022482603055097,5.680794951525835,4.317225047988023,4.4491943650511265,3.200795697354229,1.8388490907372552,cz,mt,68.99999999999999,101.07956083309404
6.990735666565687,5.680794951525835,4.164940979404548,4.4491943650511265,3.134991202603198,1.8195439355418688,hu,mt,66.00000000000001,85.12334272187223
6.92694345639029,5.680794951525835,4.915166827482789,4.4491943650511265,3.132789738898952,1.8195439355418688,ch,mt,66.00000000000001,134.85939205477908
6.856271402048339,5.680794951525835,3.9170985398882014,4.4491943650511265,3.091391884210082,1.8195439355418688,bg,mt,66.00000000000001,56.9139730991614
5.680794951525835,6.3218874497231745,4.4491943650511265,4.364651405504948,3.072247963602734,1.8195439355418688,mt,si,66.00000000000001,40.68133678397551
6.6224697564357955,5.536104974168196,4.125233168569162,4.857089026390903,3.4912554535593725,1.8129133566428555,hr,is,64.99999999999999,56.02940079211729
6.6224697564357955,5.680794951525835,4.125233168569162,4.4491943650511265,3.0307006200717757,1.7993405494535817,hr,mt,63.0,45.66167816006735
6.119767105335864,5.680794951525835,4.310378688365087,4.4491943650511265,3.4325939264419465,1.792391689498254,ee,mt,62.0,24.908058114877417
6.119767105335864,5.536104974168196,4.310378688365087,4.857089026390903,3.379525184503819,1.7853298350107671,ee,is,61.000000000000014,28.740419781655124
6.291115882407526,5.680794951525835,4.192953306944774,4.4491943650511265,3.3972992172853678,1.7323937598229686,lv,mt,54.000000000000014,29.765029030568442
5.77545752613052,5.680794951525835,5.042188351274836,4.4491943650511265,3.2367627666613745,1.7323937598229686,lu,mt,54.000000000000014,24.43608479591886
6.463064203567495,5.680794951525835,4.2159886289840625,4.4491943650511265,3.3649193267054383,1.6989700043360187,lt,mt,49.99999999999999,39.559285333786434
6.990735666565687,5.536104974168196,4.164940979404548,4.857089026390903,3.479219686601631,1.6901960800285136,hu,is,48.99999999999999,103.00617361095085
5.680794951525835,6.735552434089687,4.4491943650511265,4.245132387083117,3.184380871820912,1.6720978579357175,mt,sk,47.00000000000001,79.51351401171941
5.536104974168196,6.291115882407526,4.857089026390903,4.192953306944774,3.393598612318618,1.591064607026499,is,lv,38.99999999999999,36.06112519752936
6.08225635753227,5.536104974168196,4.278461673011769,4.857089026390903,3.6791410106136975,1.591064607026499,cy,is,38.99999999999999,27.417220064134973
6.856271402048339,5.536104974168196,3.9170985398882014,4.857089026390903,3.565950243071888,1.5314789170422551,bg,is,34.0,69.95379235281476
5.536104974168196,5.77545752613052,4.857089026390903,5.042188351274836,3.348608717803761,1.4771212547196624,is,lu,29.999999999999996,32.669858652389166
5.536104974168196,6.735552434089687,4.857089026390903,4.245132387083117,3.4599243000738324,1.462397997898956,is,sk,29.0,88.74655425353039
5.536104974168196,6.463064203567495,4.857089026390903,4.2159886289840625,3.4051355401481493,1.4471580313422192,is,lt,28.0,51.15679975805728
5.536104974168196,5.680794951525835,4.857089026390903,4.4491943650511265,3.596946769503413,1.2041199826559248,is,mt,16.0,15.231800641756395
7.917108150555272,4.578822514595423,4.650018145096109,5.232081766073278,2.6508214286256147,0.9542425094393249,de,li,9.0,139.92635539422406
4.578822514595423,7.2357103075140285,5.232081766073278,4.685387855448707,2.801979681996132,0.9030899869919435,li,nl,7.999999999999999,97.29224849512178
7.7781803760902255,4.578822514595423,4.514473512294317,5.232081766073278,2.730821833076719,0.7781512503836436,it,li,6.0,102.54368151924882
7.668238343331752,4.578822514595423,4.450107521827389,5.232081766073278,3.1089098725471334,0.7781512503836436,es,li,6.0,85.97726601560007
7.819970177164731,4.578822514595423,4.608729563007837,5.232081766073278,3.0574714138739014,0.6989700043360189,gb,li,5.000000000000001,122.21420503030181
7.8071566618028,4.578822514595423,4.607005978295677,5.232081766073278,3.0395564067866117,0.6020599913279624,fr,li,4.0,119.359215826981
7.056313618101543,4.578822514595423,4.645051177154913,5.232081766073278,2.716743739591442,0.6020599913279624,be,li,4.0,36.16315831423782
4.578822514595423,7.013154523219113,5.232081766073278,4.331940453225171,3.2126840802204444,0.47712125471966244,li,pt,3.0,46.56686756146519
4.578822514595423,6.463064203567495,5.232081766073278,4.2159886289840625,3.132232940168941,0.3010299956639812,li,lt,2.0,14.486599267681328
6.74100544323231,4.578822514595423,4.66663692212833,5.232081766073278,3.339671420916449,0.3010299956639812,fi,li,2.0,24.085573222468415
6.944359127410194,4.578822514595423,4.676048825179,5.232081766073278,2.559408508455319,0.3010299956639812,at,li,2.0,30.442972955341176
