,source,target,weight,population_1,gdp_1,population_2,gdp_2,distance
0,de,fr,40663,82624368.0,3690849152517.69,64144092.0,2595151045197.67,1388.8423808022078
1,de,es,37922,82624368.0,3690849152517.69,46584168.0,1313245330197.66,1609.5494803163838
2,es,it,37827,46584168.0,1313245330197.66,60004024.0,1961796197354.37,1339.4003074317754
3,de,it,37334,82624368.0,3690849152517.69,60004024.0,1961796197354.37,942.4105590819394
4,es,fr,32816,46584168.0,1313245330197.66,64144092.0,2595151045197.67,242.59590332635463
5,de,gb,32192,82624368.0,3690849152517.69,66064808.0,2683488510504.04,942.4486012041631
6,fr,it,31524,64144092.0,2595151045197.67,60004024.0,1961796197354.37,1231.1327126024544
7,fr,gb,25419,64144092.0,2595151045197.67,66064808.0,2683488510504.04,1273.6202599845476
8,de,nl,25291,82624368.0,3690849152517.69,17207204.0,833869641687.068,354.5455728579468
9,es,gb,24622,46584168.0,1313245330197.66,66064808.0,2683488510504.04,1509.2765304449847
10,gb,it,24204,66064808.0,2683488510504.04,60004024.0,1961796197354.37,1659.5551553181333
11,fr,nl,18471,64144092.0,2595151045197.67,17207204.0,833869641687.068,1262.0464963514944
12,be,de,18249,11384491.0,502764720556.358,82624368.0,3690849152517.69,405.0317562925552
13,es,nl,17748,46584168.0,1313245330197.66,17207204.0,833869641687.068,1500.1613611392168
14,it,nl,17030,60004024.0,1961796197354.37,17207204.0,833869641687.068,1171.8227822573015
15,be,es,16189,11384491.0,502764720556.358,46584168.0,1313245330197.66,1310.3594821587585
16,gb,nl,15983,66064808.0,2683488510504.04,17207204.0,833869641687.068,587.9855253968492
17,be,fr,15683,11384491.0,502764720556.358,64144092.0,2595151045197.67,1074.0442574898536
18,be,it,14799,11384491.0,502764720556.358,60004024.0,1961796197354.37,1050.3259523417403
19,at,de,14627,8797497.0,417261151844.981,82624368.0,3690849152517.69,478.2956358455796
20,de,se,13080,82624368.0,3690849152517.69,10058191.0,541018749769.097,1354.2464400363774
21,es,gr,12657,46584168.0,1313245330197.66,10692230.0,199844406013.533,2254.706342610381
22,ch,de,12101,8451688.0,695200833086.499,82624368.0,3690849152517.69,508.2845729931309
23,be,nl,12017,11384491.0,502764720556.358,17207204.0,833869641687.068,194.2491501478652
24,gr,it,11913,10692230.0,199844406013.533,60004024.0,1961796197354.37,979.7748706125544
25,be,gb,11428,11384491.0,502764720556.358,66064808.0,2683488510504.04,623.29873994949
26,de,gr,10407,82624368.0,3690849152517.69,10692230.0,199844406013.533,1655.182247503806
27,es,se,9964,46584168.0,1313245330197.66,10058191.0,541018749769.097,2837.238370246114
28,fr,se,9489,64144092.0,2595151045197.67,10058191.0,541018749769.097,2596.6314187525427
29,at,es,9393,8797497.0,417261151844.981,46584168.0,1313245330197.66,1627.5051615493064
30,ch,fr,9333,8451688.0,695200833086.499,64144092.0,2595151045197.67,995.1778337097365
31,it,se,9171,60004024.0,1961796197354.37,10058191.0,541018749769.097,2251.156661879422
32,es,pt,9103,46584168.0,1313245330197.66,10307528.0,221357874718.932,387.25834196977047
33,at,it,9027,8797497.0,417261151844.981,60004024.0,1961796197354.37,561.373522834273
34,fr,gr,8768,64144092.0,2595151045197.67,10692230.0,199844406013.533,2185.219582997988
35,de,fi,8618,82624368.0,3690849152517.69,5508146.0,255647979916.473,1753.2457080800953
36,ch,it,8600,8451688.0,695200833086.499,60004024.0,1961796197354.37,550.2897278210395
37,at,fr,8479,8797497.0,417261151844.981,64144092.0,2595151045197.67,1449.4838192116947
38,ch,gb,7971,8451688.0,695200833086.499,66064808.0,2683488510504.04,1110.0249104069546
39,gb,se,7946,66064808.0,2683488510504.04,10058191.0,541018749769.097,1498.605473867267
40,ch,es,7599,8451688.0,695200833086.499,46584168.0,1313245330197.66,1185.8128841009989
41,it,pt,7383,60004024.0,1961796197354.37,10307528.0,221357874718.932,1724.8599773534247
42,es,fi,7376,46584168.0,1313245330197.66,5508146.0,255647979916.473,3303.053846396287
43,gb,gr,7311,66064808.0,2683488510504.04,10692230.0,199844406013.533,2539.9738030826825
44,de,pt,7067,82624368.0,3690849152517.69,10307528.0,221357874718.932,1913.165833841426
45,de,dk,6819,82624368.0,3690849152517.69,5737286.0,332121063806.391,549.3944741316133
46,fi,fr,6755,5508146.0,255647979916.473,64144092.0,2595151045197.67,3065.3718042421074
47,de,no,6725,82624368.0,3690849152517.69,5277396.0,401745275035.261,2026.7475422489874
48,fr,pt,6510,64144092.0,2595151045197.67,10307528.0,221357874718.932,536.6181849537082
49,fi,it,6471,5508146.0,255647979916.473,60004024.0,1961796197354.37,2579.966682824664
50,at,gb,6007,8797497.0,417261151844.981,66064808.0,2683488510504.04,1379.7666409854282
51,nl,se,5955,17207204.0,833869641687.068,10058191.0,541018749769.097,1341.503972389388
52,de,pl,5762,82624368.0,3690849152517.69,38532816.0,524641206562.004,634.2744654511525
53,es,pl,5731,46584168.0,1313245330197.66,38532816.0,524641206562.004,2185.7038247340233
54,at,nl,5706,8797497.0,417261151844.981,17207204.0,833869641687.068,804.785032679177
55,es,no,5683,46584168.0,1313245330197.66,5277396.0,401745275035.261,3399.5412205569487
56,fr,no,5664,64144092.0,2595151045197.67,5277396.0,401745275035.261,3157.008644085638
57,dk,es,5648,5737286.0,332121063806.391,46584168.0,1313245330197.66,2006.65322255761
58,it,pl,5542,60004024.0,1961796197354.37,38532816.0,524641206562.004,1175.0432561355217
59,fr,pl,5533,64144092.0,2595151045197.67,38532816.0,524641206562.004,1981.377644169354
60,ch,nl,5529,8451688.0,695200833086.499,17207204.0,833869641687.068,640.7531203760018
61,dk,fr,5276,5737286.0,332121063806.391,64144092.0,2595151045197.67,1768.5804081542167
62,gr,nl,5274,10692230.0,199844406013.533,17207204.0,833869641687.068,1979.8389490502284
63,dk,gb,5232,5737286.0,332121063806.391,66064808.0,2683488510504.04,847.8216336734824
64,be,gr,5179,11384491.0,502764720556.358,10692230.0,199844406013.533,1917.4654700249998
65,gb,pt,5154,66064808.0,2683488510504.04,10307528.0,221357874718.932,1635.3833045770514
66,it,no,5133,60004024.0,1961796197354.37,5277396.0,401745275035.261,2946.1811942382983
67,es,ie,5127,46584168.0,1313245330197.66,4771860.0,336377500160.549,1464.7001895507544
68,dk,it,4850,5737286.0,332121063806.391,60004024.0,1961796197354.37,1489.4857087600647
69,de,ie,4724,82624368.0,3690849152517.69,4771860.0,336377500160.549,1269.1892614643907
70,cz,de,4699,10531315.0,218628940951.675,82624368.0,3690849152517.69,388.8128793082555
71,gb,no,4661,66064808.0,2683488510504.04,5277396.0,401745275035.261,1940.4996219682073
72,fi,gb,4631,5508146.0,255647979916.473,66064808.0,2683488510504.04,2007.7425784892791
73,fi,nl,4558,5508146.0,255647979916.473,17207204.0,833869641687.068,1803.3265337969435
74,at,be,4545,8797497.0,417261151844.981,11384491.0,502764720556.358,770.1652991039201
75,be,se,4442,11384491.0,502764720556.358,10058191.0,541018749769.097,1535.0725257356048
76,ie,it,4368,4771860.0,336377500160.549,60004024.0,1961796197354.37,1888.592138258894
77,cz,fr,4317,10531315.0,218628940951.675,64144092.0,2595151045197.67,1619.4205202087417
78,nl,pt,4264,17207204.0,833869641687.068,10307528.0,221357874718.932,1750.9539813426293
79,fr,ie,4238,64144092.0,2595151045197.67,4771860.0,336377500160.549,1251.53956437681
80,be,ch,4143,11384491.0,502764720556.358,8451688.0,695200833086.499,501.92555004904534
81,dk,nl,4119,5737286.0,332121063806.391,17207204.0,833869641687.068,506.5689307796173
82,gb,ie,4055,66064808.0,2683488510504.04,4771860.0,336377500160.549,351.37931512159327
83,cz,es,3865,10531315.0,218628940951.675,46584168.0,1313245330197.66,1815.2351246103747
84,nl,no,3737,17207204.0,833869641687.068,5277396.0,401745275035.261,1949.4010891833414
85,cz,it,3734,10531315.0,218628940951.675,60004024.0,1961796197354.37,818.4703085584517
86,gb,pl,3712,66064808.0,2683488510504.04,38532816.0,524641206562.004,1493.6348731350338
87,be,pt,3643,11384491.0,502764720556.358,10307528.0,221357874718.932,1572.5485048873797
88,de,hu,3600,82624368.0,3690849152517.69,9788940.0,143112196040.326,792.1106376219155
89,at,se,3563,8797497.0,417261151844.981,10058191.0,541018749769.097,1699.1335691277736
90,be,fi,3350,11384491.0,502764720556.358,5508146.0,255647979916.473,1992.834751443674
91,it,ro,3292,60004024.0,1961796197354.37,19698852.0,210147181055.277,1076.8568302019182
92,nl,pl,3167,17207204.0,833869641687.068,38532816.0,524641206562.004,941.6686897823402
93,es,ro,3157,46584168.0,1313245330197.66,19698852.0,210147181055.277,2389.975901781604
94,gr,pt,3060,10692230.0,199844406013.533,10307528.0,221357874718.932,2640.4709204541164
95,fr,hu,3058,64144092.0,2595151045197.67,9788940.0,143112196040.326,1828.2566887188937
96,it,si,3049,60004024.0,1961796197354.37,2098396.0,48589100043.0958,436.03233455749205
97,es,si,2966,46584168.0,1313245330197.66,2098396.0,48589100043.0958,1633.118940205925
98,be,dk,2965,11384491.0,502764720556.358,5737286.0,332121063806.391,697.4074089617403
99,fi,se,2943,5508146.0,255647979916.473,10058191.0,541018749769.097,511.63149110280153
100,es,hu,2902,46584168.0,1313245330197.66,9788940.0,143112196040.326,1990.8278060044763
101,fr,ro,2855,64144092.0,2595151045197.67,19698852.0,210147181055.277,2245.3331328714926
102,hu,it,2799,9788940.0,143112196040.326,60004024.0,1961796197354.37,753.4106851402055
103,be,no,2774,11384491.0,502764720556.358,5277396.0,401745275035.261,2141.92825863695
104,de,ro,2765,82624368.0,3690849152517.69,19698852.0,210147181055.277,1228.739634262319
105,ch,se,2764,8451688.0,695200833086.499,10058191.0,541018749769.097,1860.987124765351
106,de,si,2762,82624368.0,3690849152517.69,2098396.0,48589100043.0958,653.6411891918916
107,at,gr,2692,8797497.0,417261151844.981,10692230.0,199844406013.533,1178.6464858296238
108,ie,nl,2645,4771860.0,336377500160.549,17207204.0,833869641687.068,917.1765274618546
109,be,pl,2642,11384491.0,502764720556.358,38532816.0,524641206562.004,1036.6512713434295
110,be,ie,2566,11384491.0,502764720556.358,4771860.0,336377500160.549,909.4383852617077
111,at,fi,2523,8797497.0,417261151844.981,5508146.0,255647979916.473,2018.6126135123654
112,at,ch,2503,8797497.0,417261151844.981,8451688.0,695200833086.499,460.45059025016826
113,cz,gb,2437,10531315.0,218628940951.675,66064808.0,2683488510504.04,1330.7825395129942
114,gr,se,2426,10692230.0,199844406013.533,10058191.0,541018749769.097,2673.4895293811896
115,ch,gr,2371,8451688.0,695200833086.499,10692230.0,199844406013.533,1464.9158448394967
116,cz,nl,2368,10531315.0,218628940951.675,17207204.0,833869641687.068,743.195926803534
117,fr,si,2358,64144092.0,2595151045197.67,2098396.0,48589100043.0958,1475.3768132631892
118,no,se,2202,5277396.0,401745275035.261,10058191.0,541018749769.097,709.3732261741782
119,dk,se,2164,5737286.0,332121063806.391,10058191.0,541018749769.097,841.8431608611351
120,fi,gr,2162,5508146.0,255647979916.473,10692230.0,199844406013.533,2839.382187596408
121,gb,hu,2012,66064808.0,2683488510504.04,9788940.0,143112196040.326,1732.4109962088514
122,be,cz,2006,11384491.0,502764720556.358,10531315.0,218628940951.675,773.0475704670232
123,at,pt,1956,8797497.0,417261151844.981,10307528.0,221357874718.932,1984.6057029921328
124,bg,es,1878,7182430.0,59343060705.828,46584168.0,1313245330197.66,2406.7973150334005
125,gr,pl,1862,10692230.0,199844406013.533,38532816.0,524641206562.004,1477.6123225213632
126,cy,gr,1841,1208527.0,22946583375.5508,10692230.0,199844406013.533,1027.2993945708693
127,es,hr,1841,46584168.0,1313245330197.66,4192468.0,55937483557.9256,1728.2368205437267
128,bg,it,1839,7182430.0,59343060705.828,60004024.0,1961796197354.37,1067.6626539855301
129,pt,se,1834,10307528.0,221357874718.932,10058191.0,541018749769.097,3058.789898593258
130,gr,no,1828,10692230.0,199844406013.533,5277396.0,401745275035.261,3377.138089347943
131,at,no,1807,8797497.0,417261151844.981,5277396.0,401745275035.261,2400.6528678040786
132,cy,es,1796,1208527.0,22946583375.5508,46584168.0,1313245330197.66,3267.647042577648
133,pl,se,1793,38532816.0,524641206562.004,10058191.0,541018749769.097,1198.3765227038828
134,gb,ro,1787,66064808.0,2683488510504.04,19698852.0,210147181055.277,2171.0087753494013
135,hr,it,1739,4192468.0,55937483557.9256,60004024.0,1961796197354.37,435.5719711090006
136,ch,fi,1739,8451688.0,695200833086.499,5508146.0,255647979916.473,2258.717709107958
137,hu,nl,1736,9788940.0,143112196040.326,17207204.0,833869641687.068,1144.9857997673141
138,dk,gr,1734,5737286.0,332121063806.391,10692230.0,199844406013.533,2114.5938520145705
139,fi,pt,1734,5508146.0,255647979916.473,10307528.0,221357874718.932,3543.738172908713
140,dk,no,1734,5737286.0,332121063806.391,5277396.0,401745275035.261,1485.725835019941
141,be,ro,1727,11384491.0,502764720556.358,19698852.0,210147181055.277,1597.1325119068965
142,fi,no,1724,5508146.0,255647979916.473,5277396.0,401745275035.261,699.4556011010353
143,gb,si,1705,66064808.0,2683488510504.04,2098396.0,48589100043.0958,1534.7517265650026
144,gr,ie,1685,10692230.0,199844406013.533,4771860.0,336377500160.549,2812.5080905283576
145,ee,es,1670,1317550.0,26924385103.0662,46584168.0,1313245330197.66,2903.898516150555
146,gr,ro,1664,10692230.0,199844406013.533,19698852.0,210147181055.277,776.0543677959607
147,pl,pt,1643,38532816.0,524641206562.004,10307528.0,221357874718.932,2515.2542679429575
148,at,dk,1638,8797497.0,417261151844.981,5737286.0,332121063806.391,983.2647818217572
149,nl,ro,1628,17207204.0,833869641687.068,19698852.0,210147181055.277,1583.2746226433953
150,at,pl,1596,8797497.0,417261151844.981,38532816.0,524641206562.004,628.862947477918
151,bg,de,1596,7182430.0,59343060705.828,82624368.0,3690849152517.69,1463.552186022501
152,ee,it,1593,1317550.0,26924385103.0662,60004024.0,1961796197354.37,2006.121052300665
153,be,hu,1584,11384491.0,502764720556.358,9788940.0,143112196040.326,1146.5174159396413
154,ch,dk,1582,8451688.0,695200833086.499,5737286.0,332121063806.391,1038.717753881392
155,fr,hr,1546,64144092.0,2595151045197.67,4192468.0,55937483557.9256,1587.7683276687255
156,cy,it,1536,1208527.0,22946583375.5508,60004024.0,1961796197354.37,2005.469003527473
157,at,cz,1522,8797497.0,417261151844.981,10531315.0,218628940951.675,257.5705731582407
158,bg,fr,1508,7182430.0,59343060705.828,64144092.0,2595151045197.67,2293.0781496128006
159,dk,pt,1502,5737286.0,332121063806.391,10307528.0,221357874718.932,2252.195071609549
160,be,si,1496,11384491.0,502764720556.358,2098396.0,48589100043.0958,916.2236784776874
161,nl,si,1493,17207204.0,833869641687.068,2098396.0,48589100043.0958,969.5935163505319
162,de,ee,1479,82624368.0,3690849152517.69,1317550.0,26924385103.0662,1295.6649926716086
163,no,pt,1447,5277396.0,401745275035.261,10307528.0,221357874718.932,3570.9162907956274
164,de,sk,1438,82624368.0,3690849152517.69,5439418.0,95649966260.981,713.399583580532
165,dk,fi,1410,5737286.0,332121063806.391,5508146.0,255647979916.473,1296.8086419683777
166,de,hr,1405,82624368.0,3690849152517.69,4192468.0,55937483557.9256,824.875675357486
167,ch,pt,1395,8451688.0,695200833086.499,10307528.0,221357874718.932,1531.692264794122
168,ch,no,1395,8451688.0,695200833086.499,5277396.0,401745275035.261,2524.3063357267333
169,fi,pl,1367,5508146.0,255647979916.473,38532816.0,524641206562.004,1432.360163745153
170,it,sk,1344,60004024.0,1961796197354.37,5439418.0,95649966260.981,876.5551737606539
171,ie,se,1338,4771860.0,336377500160.549,10058191.0,541018749769.097,1789.3266297829894
172,ie,pt,1337,4771860.0,336377500160.549,10307528.0,221357874718.932,1505.8248248300097
173,cz,se,1337,10531315.0,218628940951.675,10058191.0,541018749769.097,1453.5547132743764
174,fr,sk,1299,64144092.0,2595151045197.67,5439418.0,95649966260.981,1871.6852911254466
175,cz,gr,1287,10531315.0,218628940951.675,10692230.0,199844406013.533,1325.783345939188
176,at,ie,1275,8797497.0,417261151844.981,4771860.0,336377500160.549,1679.58532474459
177,gr,si,1262,10692230.0,199844406013.533,2098396.0,48589100043.0958,1010.2549189430244
178,de,lu,1245,82624368.0,3690849152517.69,596290.0,65712180342.9842,342.62431091712307
179,es,sk,1235,46584168.0,1313245330197.66,5439418.0,95649966260.981,2049.0084220799854
180,de,lt,1222,82624368.0,3690849152517.69,2904452.0,47758736931.7805,1016.5063769685202
181,cy,de,1219,1208527.0,22946583375.5508,82624368.0,3690849152517.69,2565.9765995721086
182,de,lv,1213,82624368.0,3690849152517.69,1954861.0,30483806017.8321,1140.8744547320612
183,cz,fi,1178,10531315.0,218628940951.675,5508146.0,255647979916.473,1761.641060002383
184,ch,pl,1147,8451688.0,695200833086.499,38532816.0,524641206562.004,1004.6841497107471
185,dk,pl,1147,5737286.0,332121063806.391,38532816.0,524641206562.004,754.4658712211889
186,ee,fr,1146,1317550.0,26924385103.0662,64144092.0,2595151045197.67,2678.934165031197
187,ie,no,1142,4771860.0,336377500160.549,5277396.0,401745275035.261,2153.141414353669
188,es,lu,1139,46584168.0,1313245330197.66,596290.0,65712180342.9842,1288.0668980859127
189,bg,gb,1131,7182430.0,59343060705.828,66064808.0,2683488510504.04,2398.1281301459626
190,fr,lt,1131,64144092.0,2595151045197.67,2904452.0,47758736931.7805,2401.4899917234225
191,it,lt,1109,60004024.0,1961796197354.37,2904452.0,47758736931.7805,1632.1542527675
192,cz,pl,1099,10531315.0,218628940951.675,38532816.0,524641206562.004,384.26146250626795
193,es,lt,1091,46584168.0,1313245330197.66,2904452.0,47758736931.7805,2615.604914613606
194,fi,ie,1064,5508146.0,255647979916.473,4771860.0,336377500160.549,2300.945655101341
195,ch,ie,1057,8451688.0,695200833086.499,4771860.0,336377500160.549,1352.925412679418
196,it,lu,1046,60004024.0,1961796197354.37,596290.0,65712180342.9842,912.8708683961955
197,at,si,1046,8797497.0,417261151844.981,2098396.0,48589100043.0958,178.04634085007402
198,cy,fr,1041,1208527.0,22946583375.5508,64144092.0,2595151045197.67,3209.440184411283
199,pt,si,1030,10307528.0,221357874718.932,2098396.0,48589100043.0958,2003.3797327228895
200,it,lv,1029,60004024.0,1961796197354.37,1954861.0,30483806017.8321,1804.4158387582938
201,dk,ie,1019,5737286.0,332121063806.391,4771860.0,336377500160.549,1195.2899968882984
202,at,hu,1018,8797497.0,417261151844.981,9788940.0,143112196040.326,401.1959070314668
203,es,lv,1016,46584168.0,1313245330197.66,1954861.0,30483806017.8321,2749.1635548708846
204,fr,lu,1010,64144092.0,2595151045197.67,596290.0,65712180342.9842,1059.8772188727976
205,bg,gr,1008,7182430.0,59343060705.828,10692230.0,199844406013.533,459.3832777877987
206,ch,cz,1004,8451688.0,695200833086.499,10531315.0,218628940951.675,629.5731400152853
207,be,ee,992,11384491.0,502764720556.358,1317550.0,26924385103.0662,1623.6952645101921
208,pt,ro,987,10307528.0,221357874718.932,19698852.0,210147181055.277,2767.332720675913
209,no,pl,986,5277396.0,401745275035.261,38532816.0,524641206562.004,1905.800711118256
210,cy,gb,980,1208527.0,22946583375.5508,66064808.0,2683488510504.04,3494.17915244856
211,cz,pt,977,10531315.0,218628940951.675,10307528.0,221357874718.932,2155.705916065235
212,ee,gb,976,1317550.0,26924385103.0662,66064808.0,2683488510504.04,1836.6599393771367
213,gr,hu,947,10692230.0,199844406013.533,9788940.0,143112196040.326,943.8215983008109
214,ee,nl,934,1317550.0,26924385103.0662,17207204.0,833869641687.068,1457.7753959574097
215,hu,se,924,9788940.0,143112196040.326,10058191.0,541018749769.097,1746.457308636757
216,ie,pl,904,4771860.0,336377500160.549,38532816.0,524641206562.004,1840.7528946102418
217,be,bg,904,11384491.0,502764720556.358,7182430.0,59343060705.828,1795.8234769816563
218,at,ro,901,8797497.0,417261151844.981,19698852.0,210147181055.277,852.4469686765824
219,fr,lv,899,64144092.0,2595151045197.67,1954861.0,30483806017.8321,2529.7012730165743
220,gb,hr,864,66064808.0,2683488510504.04,4192468.0,55937483557.9256,1711.6177719690006
221,ro,se,845,19698852.0,210147181055.277,10058191.0,541018749769.097,1959.869375624711
222,fi,hu,815,5508146.0,255647979916.473,9788940.0,143112196040.326,1971.092508232354
223,cz,no,814,10531315.0,218628940951.675,5277396.0,401745275035.261,2159.086231487042
224,hu,pl,813,9788940.0,143112196040.326,38532816.0,524641206562.004,550.3743933950998
225,pl,ro,807,38532816.0,524641206562.004,19698852.0,210147181055.277,811.4124191384166
226,be,hr,805,11384491.0,502764720556.358,4192468.0,55937483557.9256,1092.3235370028603
227,hr,nl,784,4192468.0,55937483557.9256,17207204.0,833869641687.068,1146.0819782011804
228,ch,hu,782,8451688.0,695200833086.499,9788940.0,143112196040.326,855.3470873430795
229,bg,nl,771,7182430.0,59343060705.828,17207204.0,833869641687.068,1813.3626221490015
230,hu,pt,768,9788940.0,143112196040.326,10307528.0,221357874718.932,2358.8884830549823
231,se,si,746,10058191.0,541018749769.097,2098396.0,48589100043.0958,1860.3021163576445
232,gr,hr,745,10692230.0,199844406013.533,4192468.0,55937483557.9256,833.895895523304
233,gb,lu,739,66064808.0,2683488510504.04,596290.0,65712180342.9842,762.308075345759
234,gr,lu,724,10692230.0,199844406013.533,596290.0,65712180342.9842,1779.7905260375348
235,nl,sk,721,17207204.0,833869641687.068,5439418.0,95649966260.981,1067.0928412536678
236,fi,si,700,5508146.0,255647979916.473,2098396.0,48589100043.0958,2159.927150639721
237,lv,nl,699,1954861.0,30483806017.8321,17207204.0,833869641687.068,1341.3851318280692
238,be,lu,699,11384491.0,502764720556.358,596290.0,65712180342.9842,139.6193023601204
239,gb,lt,695,66064808.0,2683488510504.04,2904452.0,47758736931.7805,1723.7991670497947
240,be,cy,692,11384491.0,502764720556.358,1208527.0,22946583375.5508,2882.451086682032
241,be,lt,689,11384491.0,502764720556.358,2904452.0,47758736931.7805,1389.675531499168
242,be,sk,688,11384491.0,502764720556.358,5439418.0,95649966260.981,1096.1560907397152
243,cz,dk,681,10531315.0,218628940951.675,5737286.0,332121063806.391,789.7067644903262
244,be,lv,680,11384491.0,502764720556.358,1954861.0,30483806017.8321,1494.159211174665
245,cy,nl,674,1208527.0,22946583375.5508,17207204.0,833869641687.068,2913.0513317199197
246,gb,sk,670,66064808.0,2683488510504.04,5439418.0,95649966260.981,1653.7322431527775
247,pl,si,660,38532816.0,524641206562.004,2098396.0,48589100043.0958,741.600369488613
248,lt,nl,646,2904452.0,47758736931.7805,17207204.0,833869641687.068,1251.1798349155617
249,cz,hu,642,10531315.0,218628940951.675,9788940.0,143112196040.326,412.7387829508766
250,ch,si,636,8451688.0,695200833086.499,2098396.0,48589100043.0958,528.943044943679
251,fi,ro,635,5508146.0,255647979916.473,19698852.0,210147181055.277,2077.3199194773815
252,lu,nl,633,596290.0,65712180342.9842,17207204.0,833869641687.068,283.5773545002537
253,ee,gr,626,1317550.0,26924385103.0662,10692230.0,199844406013.533,2188.3838025479154
254,cz,ie,624,10531315.0,218628940951.675,4771860.0,336377500160.549,1657.4655708152075
255,at,sk,608,8797497.0,417261151844.981,5439418.0,95649966260.981,422.40557428558964
256,at,hr,604,8797497.0,417261151844.981,4192468.0,55937483557.9256,346.6010533874256
257,dk,si,593,5737286.0,332121063806.391,2098396.0,48589100043.0958,1160.3409721411501
258,dk,hu,589,5737286.0,332121063806.391,9788940.0,143112196040.326,1182.360167619676
259,ee,fi,581,1317550.0,26924385103.0662,5508146.0,255647979916.473,653.3919984437767
260,ie,ro,572,4771860.0,336377500160.549,19698852.0,210147181055.277,2495.193576600278
261,no,ro,572,5277396.0,401745275035.261,19698852.0,210147181055.277,2648.9308714682097
262,gb,lv,557,66064808.0,2683488510504.04,1954861.0,30483806017.8321,1772.3376519073804
263,dk,ro,556,5737286.0,332121063806.391,19698852.0,210147181055.277,1545.7792609799742
264,hu,no,545,9788940.0,143112196040.326,5277396.0,401745275035.261,2454.9669237325234
265,de,is,538,82624368.0,3690849152517.69,343641.0,24728285177.4603,2274.44135787722
266,hr,pt,534,4192468.0,55937483557.9256,10307528.0,221357874718.932,2106.391734363548
267,fr,is,518,64144092.0,2595151045197.67,343641.0,24728285177.4603,2707.773036043422
268,cz,si,518,10531315.0,218628940951.675,2098396.0,48589100043.0958,406.89845980138324
269,at,bg,507,8797497.0,417261151844.981,7182430.0,59343060705.828,1025.8905001087312
270,hr,pl,505,4192468.0,55937483557.9256,38532816.0,524641206562.004,818.3800577238574
271,ee,pt,505,1317550.0,26924385103.0662,10307528.0,221357874718.932,3193.254048568392
272,is,it,505,343641.0,24728285177.4603,60004024.0,1961796197354.37,3143.728886405653
273,ch,ro,504,8451688.0,695200833086.499,19698852.0,210147181055.277,1297.3390893754524
274,gb,is,504,66064808.0,2683488510504.04,343641.0,24728285177.4603,1526.097300117121
275,bg,pt,503,7182430.0,59343060705.828,10307528.0,221357874718.932,2792.5143727180484
276,ro,si,496,19698852.0,210147181055.277,2098396.0,48589100043.0958,775.2108737490988
277,cz,sk,495,10531315.0,218628940951.675,5439418.0,95649966260.981,325.370746396042
278,cy,pt,493,1208527.0,22946583375.5508,10307528.0,221357874718.932,3650.4462165565487
279,hu,ie,490,9788940.0,143112196040.326,4771860.0,336377500160.549,2049.5799688333614
280,ee,se,490,1317550.0,26924385103.0662,10058191.0,541018749769.097,683.8680771619948
281,hu,ro,487,9788940.0,143112196040.326,19698852.0,210147181055.277,453.6719458161931
282,cz,ro,486,10531315.0,218628940951.675,19698852.0,210147181055.277,840.2368215947272
283,bg,se,481,7182430.0,59343060705.828,10058191.0,541018749769.097,2301.495284473375
284,ie,si,474,4771860.0,336377500160.549,2098396.0,48589100043.0958,1822.7662061037227
285,at,ee,474,8797497.0,417261151844.981,1317550.0,26924385103.0662,1453.1436881358125
286,hu,si,473,9788940.0,143112196040.326,2098396.0,48589100043.0958,358.64726496210045
287,gr,lt,472,10692230.0,199844406013.533,2904452.0,47758736931.7805,1805.0533461948858
288,bg,fi,471,7182430.0,59343060705.828,5508146.0,255647979916.473,2421.617407550959
289,bg,pl,467,7182430.0,59343060705.828,38532816.0,524641206562.004,1133.9634093230818
290,no,si,461,5277396.0,401745275035.261,2098396.0,48589100043.0958,2565.068249372228
291,hr,se,460,4192468.0,55937483557.9256,10058191.0,541018749769.097,1980.6250930517222
292,bg,ro,459,7182430.0,59343060705.828,19698852.0,210147181055.277,345.49339301894014
293,dk,ee,456,5737286.0,332121063806.391,1317550.0,26924385103.0662,999.313203416749
294,at,lt,453,8797497.0,417261151844.981,2904452.0,47758736931.7805,1090.0183719682154
295,gr,lv,452,10692230.0,199844406013.533,1954861.0,30483806017.8321,1978.6033181066136
296,at,lv,446,8797497.0,417261151844.981,1954861.0,30483806017.8321,1256.6301981189135
297,pl,sk,446,38532816.0,524641206562.004,5439418.0,95649966260.981,380.8601727008192
298,se,sk,440,10058191.0,541018749769.097,5439418.0,95649966260.981,1578.3450442825585
299,dk,hr,426,5737286.0,332121063806.391,4192468.0,55937483557.9256,1315.7613357085863
300,gr,sk,424,10692230.0,199844406013.533,5439418.0,95649966260.981,1103.6426469402065
301,fi,lv,404,5508146.0,255647979916.473,1954861.0,30483806017.8321,860.8649291057505
302,lv,pl,403,1954861.0,30483806017.8321,38532816.0,524641206562.004,629.7110884259445
303,at,cy,402,8797497.0,417261151844.981,1208527.0,22946583375.5508,2114.850595285571
304,it,mt,402,60004024.0,1961796197354.37,479507.0,13489296992.0001,827.2811113562019
305,hr,si,397,4192468.0,55937483557.9256,2098396.0,48589100043.0958,177.04640864255953
306,ee,pl,396,1317550.0,26924385103.0662,38532816.0,524641206562.004,831.7526220516821
307,lv,pt,389,1954861.0,30483806017.8321,10307528.0,221357874718.932,3051.83530668213
308,lu,pt,387,596290.0,65712180342.9842,10307528.0,221357874718.932,1576.9509146178095
309,es,is,382,46584168.0,1313245330197.66,343641.0,24728285177.4603,2917.5423555175653
310,ee,no,381,1317550.0,26924385103.0662,5277396.0,401745275035.261,1273.464307956373
311,pt,sk,379,10307528.0,221357874718.932,5439418.0,95649966260.981,2406.988700491564
312,bg,ie,375,7182430.0,59343060705.828,4771860.0,336377500160.549,2705.0215442384924
313,at,lu,368,8797497.0,417261151844.981,596290.0,65712180342.9842,642.903704876976
314,lt,pl,367,2904452.0,47758736931.7805,38532816.0,524641206562.004,461.15818203791724
315,hr,ro,365,4192468.0,55937483557.9256,19698852.0,210147181055.277,661.7797440648626
316,cy,ie,361,1208527.0,22946583375.5508,4771860.0,336377500160.549,3790.566951057514
317,bg,ch,358,7182430.0,59343060705.828,8451688.0,695200833086.499,1420.9098829785153
318,fi,sk,355,5508146.0,255647979916.473,5439418.0,95649966260.981,1801.9906001318614
319,lv,se,353,1954861.0,30483806017.8321,10058191.0,541018749769.097,811.7604871656089
320,fi,hr,350,5508146.0,255647979916.473,4192468.0,55937483557.9256,2250.4508593087035
321,cz,lt,349,10531315.0,218628940951.675,2904452.0,47758736931.7805,842.7353580234371
322,is,no,343,343641.0,24728285177.4603,5277396.0,401745275035.261,1530.8909705734593
323,bg,dk,342,7182430.0,59343060705.828,5737286.0,332121063806.391,1842.4962815002546
324,ee,ie,338,1317550.0,26924385103.0662,4771860.0,336377500160.549,2175.3005251584027
325,hr,ie,337,4192468.0,55937483557.9256,4771860.0,336377500160.549,1997.4946481572242
326,fi,lt,337,5508146.0,255647979916.473,2904452.0,47758736931.7805,1035.2467936966873
327,cz,lv,336,10531315.0,218628940951.675,1954861.0,30483806017.8321,1004.9149141276318
328,ee,si,336,1317550.0,26924385103.0662,2098396.0,48589100043.0958,1573.3525965488782
329,lt,se,335,2904452.0,47758736931.7805,10058191.0,541018749769.097,935.595329168784
330,de,mt,332,82624368.0,3690849152517.69,479507.0,13489296992.0001,1767.1604036750848
331,ch,ee,332,8451688.0,695200833086.499,1317550.0,26924385103.0662,1769.8156292835793
332,ch,hr,331,8451688.0,695200833086.499,4192468.0,55937483557.9256,684.1943393391585
333,bg,hu,326,7182430.0,59343060705.828,9788940.0,143112196040.326,675.068287413582
334,cy,fi,325,1208527.0,22946583375.5508,5508146.0,255647979916.473,3324.1035093428286
335,es,mt,324,46584168.0,1313245330197.66,479507.0,13489296992.0001,1665.2742652169447
336,lt,pt,324,2904452.0,47758736931.7805,10307528.0,221357874718.932,2929.0435368946983
337,ch,lu,322,8451688.0,695200833086.499,596290.0,65712180342.9842,367.2418712534625
338,cy,pl,320,1208527.0,22946583375.5508,38532816.0,524641206562.004,2205.344411304751
339,cy,ro,320,1208527.0,22946583375.5508,19698852.0,210147181055.277,1395.069281834793
340,hr,no,319,4192468.0,55937483557.9256,5277396.0,401745275035.261,2688.8972804301434
341,bg,no,319,7182430.0,59343060705.828,5277396.0,401745275035.261,2993.2763550942313
342,cy,se,319,1208527.0,22946583375.5508,10058191.0,541018749769.097,3306.814848560097
343,bg,si,318,7182430.0,59343060705.828,2098396.0,48589100043.0958,897.5528576534646
344,cy,no,312,1208527.0,22946583375.5508,5277396.0,401745275035.261,3962.954038330992
345,dk,lv,303,5737286.0,332121063806.391,1954861.0,30483806017.8321,924.5206433577398
346,is,nl,293,343641.0,24728285177.4603,17207204.0,833869641687.068,1977.529089627372
347,bg,cz,291,7182430.0,59343060705.828,10531315.0,218628940951.675,1087.7978363634147
348,no,sk,291,5277396.0,401745275035.261,5439418.0,95649966260.981,2286.361367448242
349,cz,hr,287,10531315.0,218628940951.675,4192468.0,55937483557.9256,537.1860552289535
350,ch,lt,286,8451688.0,695200833086.499,2904452.0,47758736931.7805,1448.3539925206005
351,dk,sk,286,5737286.0,332121063806.391,5439418.0,95649966260.981,1045.0902925319767
352,ch,sk,284,8451688.0,695200833086.499,5439418.0,95649966260.981,879.6369562405765
353,hu,sk,284,9788940.0,143112196040.326,5439418.0,95649966260.981,170.1290717770217
354,ee,ro,282,1317550.0,26924385103.0662,19698852.0,210147181055.277,1424.01797444955
355,lt,no,280,2904452.0,47758736931.7805,5277396.0,401745275035.261,1603.2381834149123
356,lu,se,280,596290.0,65712180342.9842,10058191.0,541018749769.097,1589.973409807028
357,hr,hu,278,4192468.0,55937483557.9256,9788940.0,143112196040.326,324.7507552528378
358,bg,cy,277,7182430.0,59343060705.828,1208527.0,22946583375.5508,1104.632364960665
359,cz,ee,276,10531315.0,218628940951.675,1317550.0,26924385103.0662,1198.1989168543041
360,cy,si,275,1208527.0,22946583375.5508,2098396.0,48589100043.0958,1967.9416869143492
361,ee,hu,271,1317550.0,26924385103.0662,9788940.0,143112196040.326,1344.220890086707
362,fi,lu,268,5508146.0,255647979916.473,596290.0,65712180342.9842,2029.2219902289112
363,lv,si,267,1954861.0,30483806017.8321,2098396.0,48589100043.0958,1369.8797249075799
364,ch,cy,264,8451688.0,695200833086.499,1208527.0,22946583375.5508,2465.095313998699
365,dk,lt,263,5737286.0,332121063806.391,2904452.0,47758736931.7805,883.8269327680122
366,bg,hr,260,7182430.0,59343060705.828,4192468.0,55937483557.9256,737.159427614448
367,lv,no,260,1954861.0,30483806017.8321,5277396.0,401745275035.261,1452.1722744826038
368,ch,lv,258,8451688.0,695200833086.499,1954861.0,30483806017.8321,1595.5241067718312
369,gb,mt,256,66064808.0,2683488510504.04,479507.0,13489296992.0001,2444.5342340893353
370,ie,sk,254,4771860.0,336377500160.549,5439418.0,95649966260.981,1982.5222436994907
371,bg,ee,249,7182430.0,59343060705.828,1317550.0,26924385103.0662,1768.2256574517176
372,fr,mt,248,64144092.0,2595151045197.67,479507.0,13489296992.0001,1676.4461887605967
373,ro,sk,242,19698852.0,210147181055.277,5439418.0,95649966260.981,520.1924866159319
374,be,is,241,11384491.0,502764720556.358,343641.0,24728285177.4603,2096.032290940102
375,gr,mt,239,10692230.0,199844406013.533,479507.0,13489296992.0001,840.6912376912312
376,is,se,238,343641.0,24728285177.4603,10058191.0,541018749769.097,1728.3375609667983
377,ie,lt,238,4771860.0,336377500160.549,2904452.0,47758736931.7805,2074.252342681179
378,fi,is,234,5508146.0,255647979916.473,343641.0,24728285177.4603,2094.0168056563857
379,dk,lu,234,5737286.0,332121063806.391,596290.0,65712180342.9842,748.3454684123773
380,lv,ro,231,1954861.0,30483806017.8321,19698852.0,210147181055.277,1218.2622336582006
381,hu,lv,226,9788940.0,143112196040.326,1954861.0,30483806017.8321,1132.276489105552
382,cy,cz,225,1208527.0,22946583375.5508,10531315.0,218628940951.675,2192.426862651347
383,ie,lv,225,4771860.0,336377500160.549,1954861.0,30483806017.8321,2118.9646841909002
384,lu,no,223,596290.0,65712180342.9842,5277396.0,401745275035.261,2220.1714484387203
385,lu,pl,222,596290.0,65712180342.9842,38532816.0,524641206562.004,972.8548781785793
386,cy,dk,220,1208527.0,22946583375.5508,5737286.0,332121063806.391,2937.884001236754
387,hu,lt,219,9788940.0,143112196040.326,2904452.0,47758736931.7805,952.7447267592679
388,ee,lv,218,1317550.0,26924385103.0662,1954861.0,30483806017.8321,212.89215012832722
389,si,sk,216,2098396.0,48589100043.0958,5439418.0,95649966260.981,449.8644865611742
390,lt,ro,211,2904452.0,47758736931.7805,19698852.0,210147181055.277,1051.345036033669
391,lt,si,209,2904452.0,47758736931.7805,2098396.0,48589100043.0958,1196.651959988677
392,dk,is,208,5737286.0,332121063806.391,343641.0,24728285177.4603,1839.2105303278522
393,lu,si,204,596290.0,65712180342.9842,2098396.0,48589100043.0958,782.261545615217
394,be,mt,201,11384491.0,502764720556.358,479507.0,13489296992.0001,1858.092830829683
395,mt,nl,196,479507.0,13489296992.0001,17207204.0,833869641687.068,1993.4426001589504
396,lt,sk,192,2904452.0,47758736931.7805,5439418.0,95649966260.981,788.6365535474438
397,hr,sk,191,4192468.0,55937483557.9256,5439418.0,95649966260.981,469.41587805541104
398,lv,sk,183,1954861.0,30483806017.8321,5439418.0,95649966260.981,967.6776159348476
399,ee,hr,180,1317550.0,26924385103.0662,4192468.0,55937483557.9256,1641.4896520847426
400,bg,lv,177,7182430.0,59343060705.828,1954861.0,30483806017.8321,1563.3590028630022
401,lt,lv,175,2904452.0,47758736931.7805,1954861.0,30483806017.8321,179.64733914772322
402,cy,hr,174,1208527.0,22946583375.5508,4192468.0,55937483557.9256,1794.253515660409
403,ee,lt,173,1317550.0,26924385103.0662,2904452.0,47758736931.7805,392.30181541813704
404,bg,sk,172,7182430.0,59343060705.828,5439418.0,95649966260.981,797.4440454803175
405,cy,hu,172,1208527.0,22946583375.5508,9788940.0,143112196040.326,1779.691176632613
406,cz,lu,172,10531315.0,218628940951.675,596290.0,65712180342.9842,674.4962315217941
407,ie,lu,171,4771860.0,336377500160.549,596290.0,65712180342.9842,1040.5710037354838
408,gr,is,169,10692230.0,199844406013.533,343641.0,24728285177.4603,3926.285988817425
409,is,pt,164,343641.0,24728285177.4603,10307528.0,221357874718.932,2913.836411001334
410,cy,lu,163,1208527.0,22946583375.5508,596290.0,65712180342.9842,2749.998110031761
411,hr,lt,158,4192468.0,55937483557.9256,2904452.0,47758736931.7805,1254.453324690239
412,hr,lv,157,4192468.0,55937483557.9256,1954861.0,30483806017.8321,1432.3418138088016
413,cy,ee,153,1208527.0,22946583375.5508,1317550.0,26924385103.0662,2691.98738991941
414,ee,sk,151,1317550.0,26924385103.0662,5439418.0,95649966260.981,1178.7576259412608
415,lu,ro,148,596290.0,65712180342.9842,19698852.0,210147181055.277,1481.6929661606853
416,hu,lu,143,9788940.0,143112196040.326,596290.0,65712180342.9842,1028.7409878563537
417,ie,mt,142,4771860.0,336377500160.549,479507.0,13489296992.0001,2630.870940248809
418,bg,lu,141,7182430.0,59343060705.828,596290.0,65712180342.9842,1668.3092234763847
419,is,pl,136,343641.0,24728285177.4603,38532816.0,524641206562.004,2579.2342500663244
420,mt,pt,135,479507.0,13489296992.0001,10307528.0,221357874718.932,2026.1746998453364
421,ee,lu,134,1317550.0,26924385103.0662,596290.0,65712180342.9842,1619.2826843094736
422,bg,lt,133,7182430.0,59343060705.828,2904452.0,47758736931.7805,1396.8354114074448
423,at,is,132,8797497.0,417261151844.981,343641.0,24728285177.4603,2752.7187595362147
424,at,mt,131,8797497.0,417261151844.981,479507.0,13489296992.0001,1345.6298977294064
425,hr,lu,129,4192468.0,55937483557.9256,596290.0,65712180342.9842,957.4709990767999
426,ch,is,120,8451688.0,695200833086.499,343641.0,24728285177.4603,2597.8496196606234
427,mt,se,116,479507.0,13489296992.0001,10058191.0,541018749769.097,3041.296698349565
428,cy,lt,113,1208527.0,22946583375.5508,2904452.0,47758736931.7805,2371.788802038627
429,lt,lu,111,2904452.0,47758736931.7805,596290.0,65712180342.9842,1356.8608132292393
430,lu,sk,110,596290.0,65712180342.9842,5439418.0,95649966260.981,991.3997161709462
431,mt,no,105,479507.0,13489296992.0001,5277396.0,401745275035.261,3745.494474254013
432,ie,is,103,4771860.0,336377500160.549,343641.0,24728285177.4603,1456.2661511255394
433,lu,lv,100,596290.0,65712180342.9842,1954861.0,30483806017.8321,1474.994891710294
434,cy,lv,100,1208527.0,22946583375.5508,1954861.0,30483806017.8321,2511.9745084871574
435,dk,mt,93,5737286.0,332121063806.391,479507.0,13489296992.0001,2310.7515278605056
436,mt,pl,92,479507.0,13489296992.0001,38532816.0,524641206562.004,1891.1993002544368
437,fi,mt,92,5508146.0,255647979916.473,479507.0,13489296992.0001,3323.5286506713787
438,mt,ro,90,479507.0,13489296992.0001,19698852.0,210147181055.277,1454.943468629828
439,cy,sk,89,1208527.0,22946583375.5508,5439418.0,95649966260.981,1896.48271476507
440,cy,mt,83,1208527.0,22946583375.5508,479507.0,13489296992.0001,1700.6291288384775
441,cz,is,82,10531315.0,218628940951.675,343641.0,24728285177.4603,2608.453615702292
442,is,ro,81,343641.0,24728285177.4603,19698852.0,210147181055.277,3383.225596583145
443,is,si,71,343641.0,24728285177.4603,2098396.0,48589100043.0958,2927.5442447530695
444,cz,mt,69,10531315.0,218628940951.675,479507.0,13489296992.0001,1587.7996334664392
445,hu,mt,66,9788940.0,143112196040.326,479507.0,13489296992.0001,1364.555494842981
446,ch,mt,66,8451688.0,695200833086.499,479507.0,13489296992.0001,1357.655986342986
447,bg,mt,66,7182430.0,59343060705.828,479507.0,13489296992.0001,1234.2180235219219
448,mt,si,66,479507.0,13489296992.0001,2098396.0,48589100043.0958,1180.994740753701
449,hr,is,65,4192468.0,55937483557.9256,343641.0,24728285177.4603,3099.2417482012065
450,hr,mt,63,4192468.0,55937483557.9256,479507.0,13489296992.0001,1073.2493152671595
451,ee,mt,62,1317550.0,26924385103.0662,479507.0,13489296992.0001,2707.658735771749
452,ee,is,61,1317550.0,26924385103.0662,343641.0,24728285177.4603,2396.2117007466027
453,lv,mt,54,1954861.0,30483806017.8321,479507.0,13489296992.0001,2496.314028214777
454,lu,mt,54,596290.0,65712180342.9842,479507.0,13489296992.0001,1724.8954105682333
455,lt,mt,50,2904452.0,47758736931.7805,479507.0,13489296992.0001,2316.9642173789416
456,hu,is,49,9788940.0,143112196040.326,343641.0,24728285177.4603,3014.530530078729
457,mt,sk,47,479507.0,13489296992.0001,5439418.0,95649966260.981,1528.906305660849
458,is,lv,39,343641.0,24728285177.4603,1954861.0,30483806017.8321,2475.1334093806017
459,cy,is,39,1208527.0,22946583375.5508,343641.0,24728285177.4603,4776.84347303953
460,bg,is,34,7182430.0,59343060705.828,343641.0,24728285177.4603,3680.867996836227
461,is,lu,30,343641.0,24728285177.4603,596290.0,65712180342.9842,2231.5607686237504
462,is,sk,29,343641.0,24728285177.4603,5439418.0,95649966260.981,2883.5288443207064
463,is,lt,28,343641.0,24728285177.4603,2904452.0,47758736931.7805,2541.765848404811
464,is,mt,16,343641.0,24728285177.4603,479507.0,13489296992.0001,3953.181638415439
465,de,li,9,82624368.0,3690849152517.69,37916.0,6470000000.0,447.5292531484551
466,li,nl,8,37916.0,6470000000.0,17207204.0,833869641687.068,633.8400570326108
467,it,li,6,60004024.0,1961796197354.37,37916.0,6470000000.0,538.0490055869844
468,es,li,6,46584168.0,1313245330197.66,37916.0,6470000000.0,1285.0199570527222
469,gb,li,5,66064808.0,2683488510504.04,37916.0,6470000000.0,1141.4881671257883
470,fr,li,4,64144092.0,2595151045197.67,37916.0,6470000000.0,1095.3588128928268
471,be,li,4,11384491.0,502764720556.358,37916.0,6470000000.0,520.8872649408854
472,li,pt,3,37916.0,6470000000.0,10307528.0,221357874718.932,1631.8644453301622
473,li,lt,2,37916.0,6470000000.0,2904452.0,47758736931.7805,1355.9164828946768
474,fi,li,2,5508146.0,255647979916.473,37916.0,6470000000.0,2186.1070304129607
475,at,li,2,8797497.0,417261151844.981,37916.0,6470000000.0,362.58389371307504
476,gr,li,1,10692230.0,199844406013.533,37916.0,6470000000.0,1410.0169387706455
477,li,sk,1,37916.0,6470000000.0,5439418.0,95649966260.981,780.122938412275
478,ch,li,1,8451688.0,695200833086.499,37916.0,6470000000.0,100.18289577331414
479,hr,li,1,4192468.0,55937483557.9256,37916.0,6470000000.0,608.6709253413513
480,li,lv,1,37916.0,6470000000.0,1954861.0,30483806017.8321,1505.9736648173946
481,cz,li,1,10531315.0,218628940951.675,37916.0,6470000000.0,531.1523179677848
482,li,si,1,37916.0,6470000000.0,2098396.0,48589100043.0958,445.13129463489526
483,ee,li,1,1317550.0,26924385103.0662,37916.0,6470000000.0,1683.828922531376
484,li,pl,1,37916.0,6470000000.0,38532816.0,524641206562.004,908.7455993072518
485,li,se,1,37916.0,6470000000.0,10058191.0,541018749769.097,1800.7942623978413
